1,1.0,úžasný
1,1.0,kavárna
1,1.0,příjemný
1,1.0,personál
1,1.0,velice
1,1.0,malý
1,1.0,ovšem
1,1.0,nádherný
1,1.0,prostředí
1,1.0,velký
1,1.0,výběr
1,1.0,káva
1,1.0,případ
1,1.0,vědět
1,1.0,rada
1,1.0,personál
1,1.0,ochotně
1,1.0,poradit
1,1.0,doporučit
1,1.0,daný
1,1.0,druh
1,1.0,káva
1,1.0,typ
1,1.0,nápoj
1,1.0,chtít
1,1.0,pít
1,1.0,objednat
1,1.0,klasický
1,1.0,French
1,1.0,pressa
1,1.0,káva
1,1.0,dle
1,1.0,doporučení
1,1.0,kubánský
1,1.0,vynikající
1,1.0,rozlévaný
1,1.0,víno
1,1.0,chutný
1,1.0,červené
1,1.0,dostat
1,1.0,studený
1,1.0,bohužel
1,1.0,káva
1,1.0,moct
1,1.0,dát
1,1.0,palačinka
1,1.0,slaný
1,1.0,sladký
1,1.0,toust
1,1.0,oliva
1,1.0,jiný
1,1.0,pochutina
1,1.0,toust
1,1.0,opavdo
1,1.0,výborná
1,1.0,palačinka
1,1.0,jeden
1,1.0,vynikající
1,1.0,kavárna
1,1.0,Brno
1,1.0,upozorňovat
1,1.0,cukrárna
1,1.0,kavárna
1,1.0,ůžasný
1,1.0,kavárna
1,1.0,příjemný
1,1.0,personál
1,1.0,velice
1,1.0,malý
1,1.0,ovšem
1,1.0,nádherný
1,1.0,prostředí
1,1.0,velký
1,1.0,výběr
1,1.0,káva
1,1.0,případ
1,1.0,vědět
1,1.0,rada
1,1.0,personál
1,1.0,ochotně
1,1.0,poradit
1,1.0,doporučit
1,1.0,daný
1,1.0,druh
1,1.0,káva
1,1.0,typ
1,1.0,nápoj
1,1.0,chtít
1,1.0,pít
1,1.0,objednat
1,1.0,klasický
1,1.0,French
1,1.0,pressa
1,1.0,káva
1,1.0,dle
1,1.0,doporučení
1,1.0,kubánský
1,1.0,vynikající
1,1.0,rozlévaný
1,1.0,víno
1,1.0,chutný
1,1.0,červené
1,1.0,dostat
1,1.0,studený
1,1.0,bohužel
1,1.0,káva
1,1.0,moct
1,1.0,dát
1,1.0,palačinka
1,1.0,slaný
2,0.0,prostředí
2,0.0,velice
2,0.0,příjemný
2,0.0,klidný
2,0.0,vhodný
2,0.0,romantický
2,0.0,večeře
2,0.0,dva
2,0.0,posezení
2,0.0,přítel
2,0.0,čepovat
2,0.0,pivo
2,0.0,Plzeň
2,0.0,obsluha
2,0.0,velice
2,0.0,milý
2,0.0,pohotový
2,0.0,rozlévaný
2,0.0,víno
2,0.0,láhev
2,0.0,vybrat
2,0.0,Chardonna
2,0.0,velice
2,0.0,chutný
2,0.0,láhev
2,0.0,otevřený
2,0.0,dlouho
2,0.0,opravdu
2,0.0,dobrý
2,0.0,víno
2,0.0,předkrm
2,0.0,Bruschettum
2,0.0,pomodora
2,0.0,výrazný
2,0.0,chuť
2,0.0,bazalka
2,0.0,vyvážený
2,0.0,jídlo
2,0.0,krásně
2,0.0,fresh
2,0.0,Maželka
2,0.0,dát
2,0.0,spaghetti
2,0.0,carbonara
2,0.0,bohužel
2,0.0,vůbec
2,0.0,líbit
2,0.0,rukola
2,0.0,přece
2,0.0,špagety
2,0.0,patřit
2,0.0,vypadat
2,0.0,hrozně
2,0.0,chuťově
2,0.0,úplně
2,0.0,špatná
2,0.0,moc
2,0.0,pancetta
2,0.0,hlavně
2,0.0,úplně
2,0.0,suchý
2,0.0,omáčka
2,0.0,kuchař
2,0.0,moc
2,0.0,povést
2,0.0,jídlo
2,0.0,tagliatellit
2,0.0,grilovaný
2,0.0,losos
2,0.0,smetana
2,0.0,česnek
2,0.0,parmazán
2,0.0,chuťově
2,0.0,dobré
2,0.0,dost
2,0.0,rukola
2,0.0,úplně
2,0.0,vadit
2,0.0,losos
2,0.0,přijít
2,0.0,grilovaný
2,0.0,pouze
2,0.0,restovaný
2,0.0,pánev
2,0.0,hlavně
2,0.0,kost
2,0.0,naštěstí
2,0.0,pouze
2,0.0,dva
2,0.0,drobný
2,0.0,manželka
2,0.0,objednat
2,0.0,ještě
2,0.0,čokoládový
2,0.0,fondán
2,0.0,chuťově
2,0.0,vynikající
2,0.0,bohužel
2,0.0,ještě
2,0.0,jeden
2,0.0,výtka
2,0.0,prosit
3,1.0,doporučení
3,1.0,vyzkoušet
3,1.0,denní
3,1.0,menu
3,1.0,cenově
3,1.0,výše
3,1.0,bývat
3,1.0,obvyklý
3,1.0,zkušenost
3,1.0,muset
3,1.0,uznat
3,1.0,stát
3,1.0,zato
3,1.0,úvod
3,1.0,domácí
3,1.0,pečivo
3,1.0,šlehaný
3,1.0,sádlo
3,1.0,následovat
3,1.0,amuse
3,1.0,bouche
3,1.0,malý
3,1.0,miska
3,1.0,asijský
3,1.0,kokosový
3,1.0,polévka
3,1.0,krutonek
3,1.0,pečený
3,1.0,vepřový
3,1.0,kůže
3,1.0,obvyklý
3,1.0,velmi
3,1.0,chutný
3,1.0,lahodný
3,1.0,krémový
3,1.0,polévka
3,1.0,konfitovaný
3,1.0,česnek
3,1.0,následující
3,1.0,chod
3,1.0,odlišovat
3,1.0,volit
3,1.0,filet
3,1.0,pstruh
3,1.0,čočka
3,1.0,belug
3,1.0,manželka
3,1.0,pečený
3,1.0,vepřový
3,1.0,žebro
3,1.0,bramborovo-řepný
3,1.0,nok
3,1.0,závěr
3,1.0,čokoládový
3,1.0,dort
3,1.0,zmrzlina
3,1.0,espreso
3,1.0,pití
3,1.0,voda
3,1.0,speciální
3,1.0,ležák
3,1.0,vařený
3,1.0,restaurace
3,1.0,dokonalý
3,1.0,příprava
3,1.0,servírování
3,1.0,pokrm
3,1.0,pozorný
3,1.0,znalý
3,1.0,obsluha
3,1.0,doporučení
3,1.0,vyzkoušet
3,1.0,denní
3,1.0,menu
3,1.0,cenově
3,1.0,výše
3,1.0,bývat
3,1.0,obvyklý
3,1.0,zkušenost
3,1.0,muset
3,1.0,uznat
3,1.0,stát
3,1.0,zato
3,1.0,úvod
3,1.0,domácí
3,1.0,pečivo
3,1.0,šlehaný
3,1.0,sádlo
3,1.0,následovat
3,1.0,amuse
3,1.0,bouche
3,1.0,malý
3,1.0,miska
3,1.0,asijský
3,1.0,kokosový
3,1.0,polévka
3,1.0,krutonek
3,1.0,pečený
3,1.0,vepřový
3,1.0,kůže
3,1.0,obvyklý
3,1.0,velmi
3,1.0,chutný
3,1.0,lahodný
3,1.0,krémový
3,1.0,polévka
3,1.0,konfitovaný
3,1.0,česnek
4,1.0,tradičně
4,1.0,všechen
4,1.0,perfektní
4,1.0,nejvíce
4,1.0,pozitivně
4,1.0,hodnotit
4,1.0,obsluha
4,1.0,chodit
4,1.0,tradičně
4,1.0,tentokrát
4,1.0,pan
4,1.0,vrchní
4,1.0,obsluhovat
4,1.0,naprosto
4,1.0,vynikající
4,1.0,excelentní
4,1.0,týkat
4,1.0,jídlo
4,1.0,polévka
4,1.0,Tom
4,1.0,Yum
4,1.0,kreveta
4,1.0,opravdu
4,1.0,delikátní
4,1.0,vyvážený
4,1.0,hovězí
4,1.0,vývar
4,1.0,objednávat
4,1.0,kolega
4,1.0,dle
4,1.0,vyjádření
4,1.0,vynikající
4,1.0,lepší
4,1.0,prý
4,1.0,jíst
4,1.0,Rib
4,1.0,eye
4,1.0,steak
4,1.0,rarat
4,1.0,fazolový
4,1.0,lusk
4,1.0,pečený
4,1.0,brambora
4,1.0,pepřový
4,1.0,omáčka
4,1.0,steak
4,1.0,naprosto
4,1.0,luxusní
4,1.0,rozplývat
4,1.0,jazyk
4,1.0,připravit
4,1.0,přesně
4,1.0,dle
4,1.0,požadavek
4,1.0,ostatní
4,1.0,jídlo
4,1.0,velice
4,1.0,chválit
4,1.0,drobný
4,1.0,výtka
4,1.0,mexický
4,1.0,burger
4,1.0,hranolek
4,1.0,hrozně
4,1.0,gumový
4,1.0,křupat
4,1.0,burger
4,1.0,pikantní
4,1.0,scházet
4,1.0,tortilla
4,1.0,fazole
4,1.0,dle
4,1.0,nabídka
4,1.0,mít
4,1.0,další
4,1.0,chod
4,1.0,dát
4,1.0,tatarský
4,1.0,biftek
4,1.0,doobjednat
4,1.0,příprava
4,1.0,live
4,1.0,show
4,1.0,Kuchař
4,1.0,vždy
4,1.0,konzultovat
4,1.0,přát
4,1.0,připravit
4,1.0,dát
4,1.0,dezert
4,1.0,Tiramis
4,1.0,Brownies
4,1.0,perfektní
4,1.0,celkově
4,1.0,večer
4,1.0,hoden
5,1.0,velice
5,1.0,pěkný
5,1.0,designový
5,1.0,prostředí
5,1.0,milý
5,1.0,obsluha
5,1.0,příjemný
5,1.0,servis
5,1.0,pivo
5,1.0,koncern
5,1.0,Heineken
5,1.0,tankový
5,1.0,Starobrno
5,1.0,nealko
5,1.0,Zlatopramen
5,1.0,polévka
5,1.0,bramborový
5,1.0,krém
5,1.0,květák
5,1.0,chuťově
5,1.0,velice
5,1.0,příjemný
5,1.0,brambora
5,1.0,kompletně
5,1.0,rozmixovat
5,1.0,polévka
5,1.0,kousek
5,1.0,květák
5,1.0,vzhledově
5,1.0,průměrný
5,1.0,chuť
5,1.0,ovšem
5,1.0,výborný
5,1.0,manželka
5,1.0,dát
5,1.0,smažený
5,1.0,sýr
5,1.0,vařený
5,1.0,brambor
5,1.0,tatarka
5,1.0,Tatarka
5,1.0,domácí
5,1.0,velice
5,1.0,chutnat
5,1.0,brambor
5,1.0,vynikající
5,1.0,gouda
5,1.0,taktéž
5,1.0,objednat
5,1.0,denní
5,1.0,menu
5,1.0,kuřecí
5,1.0,hamburger
5,1.0,hranolek
5,1.0,domácí
5,1.0,česnekový
5,1.0,dresinek
5,1.0,Dresink
5,1.0,výborný
5,1.0,ovšem
5,1.0,burgrat
5,1.0,opravdu
5,1.0,silný
5,1.0,průměr
5,1.0,příště
5,1.0,vybrat
5,1.0,jiný
5,1.0,pouze
5,1.0,slepený
5,1.0,houska
5,1.0,salát
5,1.0,kus
5,1.0,restovaný
5,1.0,suchý
5,1.0,kuřecí
5,1.0,prs
5,1.0,nápad
5,1.0,chuť
5,1.0,celkový
5,1.0,dojem
5,1.0,restaurace
5,1.0,dobrý
5,1.0,ovšem
5,1.0,jídlo
5,1.0,zbytečný
5,1.0,velice
5,1.0,pěkný
5,1.0,designový
5,1.0,prostředí
5,1.0,milý
5,1.0,obsluha
5,1.0,příjemný
5,1.0,servis
5,1.0,pivo
5,1.0,koncern
5,1.0,Heineken
5,1.0,tankový
5,1.0,Starobrno
5,1.0,nealko
5,1.0,Zlatopramen
5,1.0,polévka
5,1.0,bramborový
5,1.0,krém
5,1.0,květák
5,1.0,chuťově
5,1.0,velice
5,1.0,příjemný
5,1.0,brambora
5,1.0,kompletně
5,1.0,rozmixovat
5,1.0,polévka
5,1.0,kousek
5,1.0,květák
6,0.0,restaurace
6,0.0,nikdy
6,0.0,mnoho
6,0.0,obsluha
6,0.0,milý
6,0.0,rezervace
6,0.0,místo
6,0.0,telefon
6,0.0,vzniknout
6,0.0,problém
6,0.0,nahlásit
6,0.0,#num#
6,0.0,místo
6,0.0,kočárek
6,0.0,příchod
6,0.0,usadit
6,0.0,dětský
6,0.0,koutek
6,0.0,#num#
6,0.0,člověk
6,0.0,přitom
6,0.0,dětský
6,0.0,koutek
6,0.0,vůbec
6,0.0,potřebovat
6,0.0,naštěstí
6,0.0,uvolnit
6,0.0,veliký
6,0.0,stůl
6,0.0,přesunout
6,0.0,počkat
6,0.0,uklidit
6,0.0,jeden
6,0.0,slečna
6,0.0,servírka
6,0.0,bohužel
6,0.0,podařit
6,0.0,úklid
6,0.0,rozbít
6,0.0,hrnek
6,0.0,turecký
6,0.0,káva
6,0.0,veškerý
6,0.0,obsah
6,0.0,vylít
6,0.0,zem
6,0.0,židle
6,0.0,Smutné
6,0.0,úklid
6,0.0,proběhnout
6,0.0,pouze
6,0.0,odstranit
6,0.0,střep
6,0.0,zbylý
6,0.0,káva
6,0.0,všechen
6,0.0,ostatní
6,0.0,zůstat
6,0.0,zem
6,0.0,celý
6,0.0,doba
6,0.0,návštěva
6,0.0,úklid
6,0.0,obsluha
6,0.0,všimnout
6,0.0,čtvrt
6,0.0,hodina
6,0.0,sedět
6,0.0,rozdat
6,0.0,jídelní
6,0.0,lístek
6,0.0,odejít
6,0.0,další
6,0.0,deset
6,0.0,minuta
6,0.0,dotázat
6,0.0,pití
6,0.0,jídlo
6,0.0,pivo
6,0.0,čep
6,0.0,mít
6,0.0,#num#
6,0.0,Kozel
6,0.0,#num#
6,0.0,Radegast
6,0.0,dva
6,0.0,pivo
6,0.0,chuťově
6,0.0,dobrý
6,0.0,manželka
6,0.0,objednat
6,0.0,čaj
6,0.0,chuťově
6,0.0,dobrá
6,0.0,bohužel
6,0.0,objednání
6,0.0,oznámit
6,0.0,jídlo
6,0.0,kamarád
6,0.0,nutit
7,0.0,rekonstrukce
7,0.0,velice
7,0.0,hezký
7,0.0,příjemný
7,0.0,dobrý
7,0.0,pivo
7,0.0,týkat
7,0.0,víno
7,0.0,obsluha
7,0.0,moc
7,0.0,neznat
7,0.0,odrůda
7,0.0,dotaz
7,0.0,mít
7,0.0,červené
7,0.0,odpověď
7,0.0,Cabernet
7,0.0,dotaz
7,0.0,zda
7,0.0,Sauvignon
7,0.0,Moravia
7,0.0,slečna
7,0.0,vůbec
7,0.0,vědět
7,0.0,muset
7,0.0,jít
7,0.0,podívat
7,0.0,jídlo
7,0.0,dát
7,0.0,kuřecí
7,0.0,strips
7,0.0,americký
7,0.0,brambor
7,0.0,grilovaný
7,0.0,hermelín
7,0.0,klobása
7,0.0,rumpit
7,0.0,steak
7,0.0,kuřecí
7,0.0,stripsa
7,0.0,velice
7,0.0,průměrný
7,0.0,přesmažený
7,0.0,fritovací
7,0.0,hrnec
7,0.0,velice
7,0.0,suchý
7,0.0,klobása
7,0.0,průměrný
7,0.0,hermelín
7,0.0,dobrý
7,0.0,dobře
7,0.0,tekoucí
7,0.0,Rump
7,0.0,steak
7,0.0,dobře
7,0.0,dochucený
7,0.0,zklamání
7,0.0,naůčtovat
7,0.0,jeden
7,0.0,pivo
7,0.0,mnoho
7,0.0,mít
7,0.0,jediný
7,0.0,pila
7,0.0,pivo
7,0.0,poutník
7,0.0,mít
7,0.0,#num#
7,0.0,kousek
7,0.0,konec
7,0.0,zbýt
7,0.0,ještě
7,0.0,jeden
7,0.0,bohužel
7,0.0,platit
7,0.0,kdysi
7,0.0,úplně
7,0.0,zmizet
7,0.0,pořádně
7,0.0,hlídat
7,0.0,vypít
7,0.0,projíst
7,0.0,rekonstrukce
7,0.0,velice
7,0.0,hezký
7,0.0,příjemný
7,0.0,dobrý
7,0.0,pivo
7,0.0,týkat
7,0.0,víno
7,0.0,obsluha
7,0.0,moc
7,0.0,neznat
7,0.0,odrůda
7,0.0,dotaz
7,0.0,mít
7,0.0,červené
7,0.0,odpověď
7,0.0,Cabernet
7,0.0,dotaz
7,0.0,zda
7,0.0,Sauvignon
7,0.0,Moravia
7,0.0,slečna
7,0.0,vůbec
7,0.0,vědět
7,0.0,muset
8,0.0,restaurace
8,0.0,špilberko
8,0.0,název
8,0.0,napovídat
8,0.0,nacházet
8,0.0,kopec
8,0.0,trůnit
8,0.0,slavný
8,0.0,brněnský
8,0.0,dominanta
8,0.0,přestože
8,0.0,okno
8,0.0,restaurant
8,0.0,slušný
8,0.0,provoz
8,0.0,automobil
8,0.0,kolejový
8,0.0,vozidlo
8,0.0,MHD
8,0.0,uvnitř
8,0.0,podnik
8,0.0,klidno
8,0.0,počítám-nout
8,0.0,hudební
8,0.0,nonstop
8,0.0,kulisa
8,0.0,klasický
8,0.0,spotřební
8,0.0,pop-beatový
8,0.0,úroveň
8,0.0,interiér
8,0.0,rozčlenit
8,0.0,několik
8,0.0,místnost
8,0.0,funkce
8,0.0,bar
8,0.0,jídelna
8,0.0,salónek
8,0.0,Oranžovo-hnědý
8,0.0,kolorování
8,0.0,vymykat
8,0.0,snad
8,0.0,salónek
8,0.0,prim
8,0.0,hrát
8,0.0,zelený
8,0.0,barva
8,0.0,podlaha
8,0.0,zátěžový
8,0.0,koberec
8,0.0,stěna
8,0.0,zdobit
8,0.0,několik
8,0.0,obraz
8,0.0,zrcadlo
8,0.0,televizní
8,0.0,obrazovka
8,0.0,sezení
8,0.0,výjimka
8,0.0,realizovat
8,0.0,lavice
8,0.0,textilní
8,0.0,čalounění
8,0.0,celek
8,0.0,působit
8,0.0,jednoduše
8,0.0,obyčejně
8,0.0,trochu
8,0.0,nápad
8,0.0,obsluha
8,0.0,doslova
8,0.0,standardní
8,0.0,vybočovat
8,0.0,klasický
8,0.0,mantinel
8,0.0,běžný
8,0.0,pohostinství
8,0.0,zvládat
8,0.0,pokrýt
8,0.0,všechen
8,0.0,služba
8,0.0,nabízet
8,0.0,navíc
8,0.0,úsměv
8,0.0,zájem
8,0.0,jídelní
8,0.0,lístek
8,0.0,vybírat
8,0.0,rozlévaný
8,0.0,Sauvignon
8,0.0,habánský
8,0.0,sklep
8,0.0,česnekový
8,0.0,polévka
8,0.0,kuřecí
9,1.0,grand
9,1.0,restaurant
9,1.0,zelený
9,1.0,kočka
9,1.0,nacházet
9,1.0,brněnský
9,1.0,Žabovřesky
9,1.0,sad
9,1.0,národní
9,1.0,odboj
9,1.0,jiné
9,1.0,ukrývat
9,1.0,veleznámý
9,1.0,klub
9,1.0,šelepek
9,1.0,první
9,1.0,věc
9,1.0,člověk
9,1.0,přivítat
9,1.0,vstup
9,1.0,restaurant
9,1.0,centrální
9,1.0,bar
9,1.0,zákoutí
9,1.0,sezení
9,1.0,další
9,1.0,prostora
9,1.0,pravý
9,1.0,levý
9,1.0,křídlo
9,1.0,okno
9,1.0,zvýšený
9,1.0,stupeň
9,1.0,stol
9,1.0,zbytek
9,1.0,restaurant
9,1.0,oddělovat
9,1.0,dřevěný
9,1.0,zábradlíčko
9,1.0,snažit
9,1.0,dát
9,1.0,host
9,1.0,pocit
9,1.0,určitý
9,1.0,výjimečnost
9,1.0,zajistit
9,1.0,klid
9,1.0,intimita
9,1.0,osvětlení
9,1.0,tlumený
9,1.0,kombinace
9,1.0,tmavý
9,1.0,nábytek
9,1.0,podlaha
9,1.0,inklinovat
9,1.0,spíše
9,1.0,atmosféra
9,1.0,ponurost
9,1.0,stísněnost
9,1.0,pocit
9,1.0,snažit
9,1.0,rozehnat
9,1.0,sympatický
9,1.0,obsluha
9,1.0,fungovat
9,1.0,velice
9,1.0,dobře
9,1.0,dávat
9,1.0,přesně
9,1.0,člověk
9,1.0,podnik
9,1.0,typ
9,1.0,očekávat
9,1.0,klid
9,1.0,uvolněnost
9,1.0,pohoda
9,1.0,rychlost
9,1.0,jemný
9,1.0,finesa
9,1.0,vrcholný
9,1.0,servírování
9,1.0,podnik
9,1.0,stavěný
9,1.0,myslet
9,1.0,host
9,1.0,vadit
9,1.0,pití
9,1.0,mít
9,1.0,čepovaný
9,1.0,Dalešice
9,1.0,#num#
9,1.0,jídlo
9,1.0,paprika
9,1.0,plněný
9,1.0,kuskus
9,1.0,balkánský
9,1.0,sýr
9,1.0,moravský
9,1.0,klasika
9,1.0,vepřový
9,1.0,vrabc
10,1.0,mamut
10,1.0,Pub
11,0.0,restaurace
11,0.0,zlatý
11,0.0,meč
11,0.0,nacházet
11,0.0,centrum
11,0.0,Brno
11,0.0,obchodně-kulturní
11,0.0,centrum
11,0.0,velký
11,0.0,špalíček
11,0.0,interiér
11,0.0,projít
11,0.0,dávný
11,0.0,doba
11,0.0,rekonstrukce
11,0.0,jiné
11,0.0,stěna
11,0.0,zmizet
11,0.0,vzhledný
11,0.0,žluto-hnědý
11,0.0,hospodský
11,0.0,barva
11,0.0,prostora
11,0.0,získat
11,0.0,stupínek
11,0.0,dobro
11,0.0,atraktivita
11,0.0,mečet
11,0.0,dát
11,0.0,restaurant
11,0.0,jméno
11,0.0,viset
11,0.0,jeden
11,0.0,stěna
11,0.0,hlavní
11,0.0,loď
11,0.0,silně
11,0.0,pochybovat
11,0.0,zlatý
11,0.0,dřívějšek
11,0.0,každopádně
11,0.0,působit
11,0.0,interiér
11,0.0,vzdušně
11,0.0,vzdušně
11,0.0,zapracovat
11,0.0,ukrytí
11,0.0,stolovací
11,0.0,potřeba
11,0.0,umístit
11,0.0,vhodně
11,0.0,vinotéka
11,0.0,celkový
11,0.0,pocit
11,0.0,posezení
11,0.0,ještě
11,0.0,dobrý
11,0.0,obsluha
11,0.0,přes
11,0.0,absence
11,0.0,plac
11,0.0,opravdu
11,0.0,skoro
11,0.0,vůbec
11,0.0,vidět
11,0.0,vcelku
11,0.0,pozorný
11,0.0,zvládat
11,0.0,služba
11,0.0,odpovídající
11,0.0,standard
11,0.0,člověk
11,0.0,očekávat
11,0.0,bílý
11,0.0,rukavička
11,0.0,rámec
11,0.0,běžný
11,0.0,servis
11,0.0,dostat
11,0.0,podvečerní
11,0.0,set
11,0.0,zahajovat
11,0.0,grilovaný
11,0.0,kozí
11,0.0,sýr
11,0.0,pečený
11,0.0,červený
11,0.0,řepa
11,0.0,rukolový
11,0.0,salátka
11,0.0,stříknutý
11,0.0,balzamikův
11,0.0,ocet
11,0.0,sklenička
11,0.0,rozlévaný
11,0.0,červený
11,0.0,víno
11,0.0,odrůda
11,0.0,Caberneta
11,0.0,Sauvigno
12,0.0,restaurace
12,0.0,chodit
12,0.0,tři
12,0.0,rok
12,0.0,pracovat
12,0.0,IBC
12,0.0,poslední
12,0.0,rok
12,0.0,skvělý
12,0.0,jídlo
12,0.0,pití
12,0.0,zlepšit
12,0.0,chuť
12,0.0,kvalita
12,0.0,jídlo
12,0.0,lepší
12,0.0,určitě
12,0.0,obsluha
12,0.0,strašný
12,0.0,scházet
12,0.0,mladý
12,0.0,ochotný
12,0.0,slečna
12,0.0,usměvavý
12,0.0,číšník
12,0.0,poslední
12,0.0,týden
12,0.0,měnit
12,0.0,zaměstnanec
12,0.0,Nové
12,0.0,slečna
12,0.0,ochotný
12,0.0,arogantní
12,0.0,zeptat
12,0.0,vybrat
12,0.0,povědět
12,0.0,donést
12,0.0,jiný
12,0.0,jídlo
12,0.0,trapný
12,0.0,říkat
12,0.0,dobrý
12,0.0,jídlo
12,0.0,chodit
12,0.0,restaurace
12,0.0,chodit
12,0.0,tři
12,0.0,rok
12,0.0,pracovat
12,0.0,IBC
12,0.0,poslední
12,0.0,rok
12,0.0,skvělý
12,0.0,jídlo
12,0.0,pití
12,0.0,zlepšit
12,0.0,chuť
12,0.0,kvalita
12,0.0,jídlo
12,0.0,lepší
12,0.0,určitě
12,0.0,obsluha
12,0.0,strašný
12,0.0,scházet
12,0.0,mladý
12,0.0,ochotný
12,0.0,slečna
12,0.0,usměvavý
12,0.0,číšník
12,0.0,poslední
12,0.0,týden
12,0.0,měnit
12,0.0,zaměstnanec
12,0.0,Nové
12,0.0,slečna
12,0.0,ochotný
12,0.0,arogantní
12,0.0,zeptat
12,0.0,vybrat
12,0.0,povědět
12,0.0,donést
12,0.0,jiný
12,0.0,jídlo
12,0.0,trapný
12,0.0,říkat
12,0.0,dobrý
12,0.0,jídlo
12,0.0,chodit
13,0.0,průměrný
13,0.0,pivnice
13,0.0,čep
13,0.0,stálý
13,0.0,nabídka
13,0.0,plus
13,0.0,jeden
13,0.0,rotující
13,0.0,pípa
13,0.0,střídat
13,0.0,různý
13,0.0,druh
13,0.0,pivo
13,0.0,pivo
13,0.0,úplně
13,0.0,špatný
13,0.0,obsluha
13,0.0,příjemný
13,0.0,číšník
13,0.0,snažit
13,0.0,vtipný
13,0.0,říkat
13,0.0,kolik
13,0.0,dnes
13,0.0,vypít
13,0.0,prý
13,0.0,veslo
13,0.0,kuchyň
13,0.0,mít
13,0.0,několik
13,0.0,panák
13,0.0,tvrdý
13,0.0,alkohol
13,0.0,pivo
13,0.0,jestli
13,0.0,pravda
13,0.0,moct
13,0.0,posoudit
13,0.0,jídlo
13,0.0,objednat
13,0.0,žebro
13,0.0,tatarák
13,0.0,smažený
13,0.0,sýr
13,0.0,hranolek
13,0.0,cigára
13,0.0,chléb
13,0.0,nudlička
13,0.0,bramboráček
13,0.0,žebro
13,0.0,prý
13,0.0,trošku
13,0.0,suchý
13,0.0,dobrý
13,0.0,Tatarák
13,0.0,velice
13,0.0,dobře
13,0.0,dochucený
13,0.0,cibule
13,0.0,zamíchaný
13,0.0,tatarák
13,0.0,nakrájet
13,0.0,opravdu
13,0.0,velice
13,0.0,silný
13,0.0,kus
13,0.0,smažený
13,0.0,sýr
13,0.0,dobrý
13,0.0,hranolek
13,0.0,kupovaný
13,0.0,cigáro
13,0.0,klasický
13,0.0,pivnice
13,0.0,špatná
13,0.0,speciální
13,0.0,hospoda
13,0.0,opravdu
13,0.0,přehršel
13,0.0,průměrný
13,0.0,pivnice
13,0.0,čep
13,0.0,stálý
13,0.0,nabídka
13,0.0,plus
13,0.0,jeden
13,0.0,rotující
13,0.0,pípa
13,0.0,střídat
13,0.0,různý
13,0.0,druh
13,0.0,pivo
13,0.0,pivo
13,0.0,úplně
13,0.0,špatný
13,0.0,obsluha
13,0.0,příjemný
13,0.0,číšník
13,0.0,snažit
13,0.0,vtipný
13,0.0,říkat
13,0.0,kolik
13,0.0,dnes
13,0.0,vypít
13,0.0,prý
13,0.0,veselit
14,0.0,hostinec
14,0.0,dřevák
14,0.0,nacházet
14,0.0,zrekonstruovaný
14,0.0,suterén
14,0.0,činžovní
14,0.0,dům
14,0.0,otevřít
14,0.0,rok
14,0.0,#num#
14,0.0,doba
14,0.0,ještě
14,0.0,stihnout
14,0.0,pokrýt
14,0.0,patina
14,0.0,opotřebovanost
14,0.0,vybavení
14,0.0,stále
14,0.0,zářit
14,0.0,novota
14,0.0,čistota
14,0.0,interiér
14,0.0,sestávající
14,0.0,dva
14,0.0,místnost
14,0.0,poměrně
14,0.0,jednoduchý
14,0.0,výzdoba
14,0.0,hlava
14,0.0,moc
14,0.0,lámat
14,0.0,nicméně
14,0.0,dojem
14,0.0,první
14,0.0,pohled
14,0.0,dobrý
14,0.0,horší
14,0.0,obsluha
14,0.0,sezení
14,0.0,stol
14,0.0,host
14,0.0,hlasitý
14,0.0,zábava
14,0.0,přítel
14,0.0,profesionální
14,0.0,úcta
14,0.0,zákazník
14,0.0,mluvit
14,0.0,přístup
14,0.0,vyřizování
14,0.0,objednávka
14,0.0,servírování
14,0.0,jídlo
14,0.0,odpovídat
14,0.0,modus
14,0.0,operand
14,0.0,lehko
14,0.0,laxní
14,0.0,výrazný
14,0.0,prvek
14,0.0,znuděnost
14,0.0,evidentně
14,0.0,odsloužit
14,0.0,mnoho
14,0.0,moct
14,0.0,chtít
14,0.0,omlouvat
14,0.0,snad
14,0.0,doba
14,0.0,návštěva
14,0.0,hostinec
14,0.0,téměř
14,0.0,prázdný
14,0.0,vstupní
14,0.0,položka
14,0.0,gastro
14,0.0,set
14,0.0,hladinka
14,0.0,čepovaný
14,0.0,pivo
14,0.0,Rathausbiera
14,0.0,malopivovar
14,0.0,Moravium
14,0.0,upřímně
14,0.0,zastánce
14,0.0,odlaďovaný
14,0.0,navoněný
14,0.0,pivo
14,0.0,pít
14,0.0,koneckonců
14,0.0,dát
14,0.0,druhý
14,0.0,položka
14,0.0,paštika
15,0.0,pizzerie
15,0.0,penzion
15,0.0,Toscana
15,0.0,nacházet
15,0.0,brněnský
15,0.0,městský
15,0.0,část
15,0.0,černý
15,0.0,pole
15,0.0,park
15,0.0,Stanislav
15,0.0,Krátký
15,0.0,interiér
15,0.0,první
15,0.0,pohled
15,0.0,vzhledný
15,0.0,klaustrofobický
15,0.0,ůtulný
15,0.0,snad
15,0.0,jedině
15,0.0,zimní
15,0.0,zahrada
15,0.0,negativní
15,0.0,dojem
15,0.0,trocha
15,0.0,upravovat
15,0.0,směr
15,0.0,veliký
15,0.0,návštěvnický
15,0.0,vstřícnost
15,0.0,bílý
15,0.0,koženka
15,0.0,sedačka
15,0.0,snažit
15,0.0,rozehnat
15,0.0,pochmurnost
15,0.0,zbytek
15,0.0,podnik
15,0.0,dát
15,0.0,říct
15,0.0,dařit
15,0.0,miniaturní
15,0.0,stolek
15,0.0,zaskládaný
15,0.0,bar
15,0.0,podivný
15,0.0,výzdoba
15,0.0,stěna
15,0.0,korunovat
15,0.0,příliš
15,0.0,povedený
15,0.0,designérský
15,0.0,záměr
15,0.0,obsluha
15,0.0,postrádat
15,0.0,základní
15,0.0,profesní
15,0.0,návyk
15,0.0,vstřícný
15,0.0,požadavek
15,0.0,objednávka
15,0.0,carte
15,0.0,doba
15,0.0,podávání
15,0.0,obědový
15,0.0,meníčko
15,0.0,poznámka
15,0.0,jídelní
15,0.0,lístek
15,0.0,striktně
15,0.0,vylučovat
15,0.0,začínat
15,0.0,sklenička
15,0.0,bílý
15,0.0,rozlévaný
15,0.0,víno
15,0.0,mít
15,0.0,ideální
15,0.0,vychlazení
15,0.0,daleko
15,0.0,alespoň
15,0.0,servírovat
15,0.0,pěkný
15,0.0,sklo
15,0.0,chuťově
15,0.0,katastrofa
15,0.0,dostávat
15,0.0,džbánek
15,0.0,kohoutkový
15,0.0,voda
15,0.0,citron
15,0.0,zdarma
15,0.0,jídelní
15,0.0,set
15,0.0,otevírat
15,0.0,česnečka
15,0.0,vejce
15,0.0,šunka
15,0.0,sýr
15,0.0,kruton
15,0.0,Ingr
16,0.0,restaurace
16,0.0,pivnice
16,0.0,sborovna
16,0.0,najít
16,0.0,útočiště
16,0.0,suterén
16,0.0,funkcionalistický
16,0.0,kostel
16,0.0,Husův
16,0.0,sbor
16,0.0,církev
16,0.0,československý
16,0.0,husitský
16,0.0,bezprostřední
16,0.0,sousedství
16,0.0,Tyršův
16,0.0,sad
16,0.0,centrum
16,0.0,Brno
16,0.0,dříve
16,0.0,místo
16,0.0,sídlit
16,0.0,poměrně
16,0.0,proslulý
16,0.0,podnik
16,0.0,název
16,0.0,Avia
16,0.0,café
16,0.0,interiér
16,0.0,hrát
16,0.0,nota
16,0.0,volný
16,0.0,prostor
16,0.0,světlý
16,0.0,barva
16,0.0,celkový
16,0.0,formální
16,0.0,atmosféra
16,0.0,bílý
16,0.0,koženka
16,0.0,sedačka
16,0.0,béžový
16,0.0,panel
16,0.0,tmavý
16,0.0,nábytek
16,0.0,vytvářet
16,0.0,příjemný
16,0.0,kontrast
16,0.0,strana
16,0.0,hlavní
16,0.0,sál
16,0.0,prostor
16,0.0,kulečníkový
16,0.0,herna
16,0.0,obsluha
16,0.0,naladit
16,0.0,stejný
16,0.0,duch
16,0.0,přátelský
16,0.0,uvolněný
16,0.0,koneckonců
16,0.0,prázdný
16,0.0,restaurant
16,0.0,jediný
16,0.0,host
16,0.0,mít
16,0.0,důvod
16,0.0,jiný
16,0.0,depresivní
16,0.0,projev
16,0.0,chvíle
16,0.0,chování
16,0.0,svobodný
16,0.0,příliš
16,0.0,působit
16,0.0,rušivě
16,0.0,začínat
16,0.0,sklenka
16,0.0,červený
16,0.0,svatomartinský
16,0.0,modrý
16,0.0,portugal
16,0.0,vinařství
16,0.0,Grmolec
16,0.0,tomatový
16,0.0,krém
16,0.0,bazalka
16,0.0,víno
16,0.0,krásně
16,0.0,hebký
16,0.0,jiskřivý
16,0.0,výrazný
16,0.0,tanin
16,0.0,polévka
16,0.0,chuťově
16,0.0,výrazný
16,0.0,vláčný
16,0.0,hladivý
16,0.0,následovat
16,0.0,konfitovaný
16,0.0,hovězí
16,0.0,líčko
16,0.0,víno
16,0.0,rozmarýn
17,1.0,návštěva
17,1.0,restaurace
17,1.0,chtít
17,1.0,připomenout
17,1.0,dovolená
17,1.0,strávený
17,1.0,zájezd
17,1.0,Rusko
17,1.0,stravovat
17,1.0,především
17,1.0,bufet
17,1.0,nazvaný
17,1.0,stolovaja
17,1.0,prostředí
17,1.0,léto
17,1.0,změnit
17,1.0,snaživý
17,1.0,zdobnost
17,1.0,navozovat
17,1.0,atmosféra
17,1.0,autentický
17,1.0,ruský
17,1.0,jídelna
17,1.0,ůvodní
17,1.0,soljanka
17,1.0,první
17,1.0,pohled
17,1.0,výrazně
17,1.0,bohatý
17,1.0,petrohradský
17,1.0,jídelna
17,1.0,chuťově
17,1.0,příliš
17,1.0,lišit
17,1.0,každopádně
17,1.0,dobrá
17,1.0,chutnat
17,1.0,blin
17,1.0,kaviár
17,1.0,samozřejmě
17,1.0,nepravý
17,1.0,závěr
17,1.0,chalva
17,1.0,tradiční
17,1.0,kvas
17,1.0,ocenit
17,1.0,vždy
17,1.0,celkově
17,1.0,spokojenost
17,1.0,chtít
17,1.0,zkrátit
17,1.0,interval
17,1.0,návštěva
17,1.0,restaurace
17,1.0,málo
17,1.0,několik
17,1.0,let
17,1.0,ochutnat
17,1.0,mnoho
17,1.0,nabídka
17,1.0,návštěva
17,1.0,restaurace
17,1.0,chtít
17,1.0,připomenout
17,1.0,dovolená
17,1.0,strávený
17,1.0,zájezd
17,1.0,Rusko
17,1.0,stravovat
17,1.0,především
17,1.0,bufet
17,1.0,nazvaný
17,1.0,stolovaja
17,1.0,prostředí
17,1.0,léto
17,1.0,změnit
17,1.0,snaživý
17,1.0,zdobnost
17,1.0,navozovat
17,1.0,atmosféra
17,1.0,autentický
17,1.0,ruský
17,1.0,jídelna
17,1.0,ůvodní
17,1.0,soljanka
17,1.0,první
17,1.0,pohled
17,1.0,výrazně
17,1.0,bohatý
17,1.0,petrohradský
17,1.0,jídelna
17,1.0,chuťově
17,1.0,příliš
17,1.0,lišit
17,1.0,každopádně
17,1.0,dobrá
17,1.0,chutnat
17,1.0,blina
17,1.0,kavi
18,0.0,návštěva
18,0.0,přítel
18,0.0,čepovat
18,0.0,Bernard
18,0.0,Chotěboř
18,0.0,pivo
18,0.0,dobrá
18,0.0,velice
18,0.0,chutnat
18,0.0,drobně
18,0.0,zarazit
18,0.0,objednání
18,0.0,nealko
18,0.0,pivo
18,0.0,láhev
18,0.0,donést
18,0.0,půllitr
18,0.0,přelitý
18,0.0,samozřejmě
18,0.0,vadit
18,0.0,týkat
18,0.0,víno
18,0.0,zlý
18,0.0,alespoň
18,0.0,víno
18,0.0,červený
18,0.0,objednat
18,0.0,Merlot
18,0.0,mírně
18,0.0,drsný
18,0.0,hlavně
18,0.0,silný
18,0.0,oxidace
18,0.0,mít
18,0.0,vůbec
18,0.0,podávat
18,0.0,!!!
18,0.0,kamarád
18,0.0,objednat
18,0.0,vepřový
18,0.0,steak
18,0.0,fazolový
18,0.0,lusk
18,0.0,chuťově
18,0.0,prý
18,0.0,dobrý
18,0.0,negativně
18,0.0,hodnotit
18,0.0,hrozný
18,0.0,zeleninový
18,0.0,obloha
18,0.0,manželka
18,0.0,objednat
18,0.0,domácí
18,0.0,bramborový
18,0.0,lupínek
18,0.0,česnekovo-sýrův
18,0.0,dipe
18,0.0,brambůrka
18,0.0,chutný
18,0.0,spodní
18,0.0,část
18,0.0,kompletně
18,0.0,plavat
18,0.0,olej
18,0.0,bohužel
18,0.0,podávání
18,0.0,talíř
18,0.0,odstranit
18,0.0,silně
18,0.0,mastný
18,0.0,česnek
18,0.0,dipu
18,0.0,moc
18,0.0,výrazný
18,0.0,objednat
18,0.0,smažený
18,0.0,grundle
18,0.0,velice
18,0.0,čekaný
18,0.0,pochutina
18,0.0,pivo
18,0.0,oceňovat
18,0.0,skvělý
18,0.0,nápad
18,0.0,slabý
18,0.0,osolení
18,0.0,pochutnat
18,0.0,velice
18,0.0,chválit
18,0.0,bramboráček
18,0.0,průměrný
18,0.0,daleko
18,0.0,objednat
18,0.0,nivové
18,0.0,koule
18,0.0,samotný
18,0.0,koule
18,0.0,dobrá
18,0.0,myslet
19,1.0,restaurace
19,1.0,Borgeska
19,1.0,nacházet
19,1.0,obchodně-administrativní
19,1.0,pasáž
19,1.0,koruna
19,1.0,brněnský
19,1.0,městský
19,1.0,část
19,1.0,Králův
19,1.0,pole
19,1.0,místo
19,1.0,bývalý
19,1.0,Bott
19,1.0,restaurant
19,1.0,vstup
19,1.0,společný
19,1.0,realitní
19,1.0,agentura
19,1.0,spíše
19,1.0,odstrašovat
19,1.0,lákat
19,1.0,uvnitř
19,1.0,mnohem
19,1.0,dobrý
19,1.0,zpochybnitelný
19,1.0,deviza
19,1.0,podnik
19,1.0,prostorný
19,1.0,letní
19,1.0,zahrada
19,1.0,vnitroblok
19,1.0,interiér
19,1.0,nést
19,1.0,retro
19,1.0,duch
19,1.0,jakýsi
19,1.0,průmyslový
19,1.0,dílna
19,1.0,zákazník
19,1.0,narazit
19,1.0,klasický
19,1.0,docházkový
19,1.0,hodiny
19,1.0,lidově
19,1.0,píchačka
19,1.0,bruska
19,1.0,rýsovací
19,1.0,prkno
19,1.0,tlampač
19,1.0,další
19,1.0,proprieta
19,1.0,hlavní
19,1.0,prostor
19,1.0,navazovat
19,1.0,pseudo
19,1.0,zimní
19,1.0,zahrada
19,1.0,patro
19,1.0,roh
19,1.0,salónky
19,1.0,zmínka
19,1.0,stát
19,1.0,přehlídka
19,1.0,historický
19,1.0,fotografie
19,1.0,související
19,1.0,místo
19,1.0,restaurant
19,1.0,nacházet
19,1.0,obsluha
19,1.0,příjemný
19,1.0,pohotový
19,1.0,podnik
19,1.0,takto
19,1.0,prostonárodní
19,1.0,charakter
19,1.0,překvapit
19,1.0,vysoký
19,1.0,míra
19,1.0,profesionalita
19,1.0,zájem
19,1.0,spokojenost
19,1.0,host
19,1.0,popolední
19,1.0,návštěva
19,1.0,zahajovat
19,1.0,čepovaný
19,1.0,Polička
19,1.0,dršťkový
19,1.0,polévka
19,1.0,oboj
19,1.0,výborná
19,1.0,připomínka
19,1.0,chuťově
19,1.0,polévka
19,1.0,opravdu
19,1.0,výborně
19,1.0,naíst
20,1.0,Brno
20,1.0,patřit
20,1.0,restaurace
20,1.0,dobrý
20,1.0,indický
20,1.0,milý
20,1.0,obsluha
20,1.0,příjemný
20,1.0,prostředí
20,1.0,indický
20,1.0,restaurace
20,1.0,skvělý
20,1.0,jídlo
20,1.0,samozřejmě
20,1.0,každý
20,1.0,indický
20,1.0,restaurace
20,1.0,muset
20,1.0,brát
20,1.0,všechen
20,1.0,rezerva
20,1.0,trochu
20,1.0,dlouho
20,1.0,všechen
20,1.0,trvat
20,1.0,potom
20,1.0,stát
20,1.0,předkrm
20,1.0,Vegetables
20,1.0,Pakora
20,1.0,vynikající
20,1.0,Samos
20,1.0,bohužel
20,1.0,mít
20,1.0,manželka
20,1.0,objednat
20,1.0,butter
20,1.0,chickno
20,1.0,zaměnitelný
20,1.0,chuť
20,1.0,krásně
20,1.0,zamíchaný
20,1.0,chuťově
20,1.0,božská
20,1.0,objednat
20,1.0,krevetí
20,1.0,vindaloo
20,1.0,bezchybný
20,1.0,chuť
20,1.0,pikantnost
20,1.0,vyvážený
20,1.0,chuť
20,1.0,kari
20,1.0,úžasný
20,1.0,nápoj
20,1.0,Lasse
20,1.0,netřeba
20,1.0,mnoho
20,1.0,hodnotit
20,1.0,pouze
20,1.0,navštívit
20,1.0,Brno
20,1.0,patřit
20,1.0,restaurace
20,1.0,dobrý
20,1.0,indický
20,1.0,milý
20,1.0,obsluha
20,1.0,příjemný
20,1.0,prostředí
20,1.0,indický
20,1.0,restaurace
20,1.0,skvělý
20,1.0,jídlo
20,1.0,samozřejmě
20,1.0,každý
20,1.0,indický
20,1.0,restaurace
20,1.0,muset
20,1.0,brát
20,1.0,všechen
20,1.0,rezerva
20,1.0,trochu
20,1.0,dlouho
20,1.0,všechen
20,1.0,trvat
20,1.0,potom
20,1.0,stát
20,1.0,předkrm
20,1.0,Vegetables
20,1.0,Pakora
20,1.0,vynikající
20,1.0,Samos
20,1.0,bohužel
20,1.0,mít
20,1.0,manželka
20,1.0,objednat
20,1.0,butter
20,1.0,chickno
20,1.0,zaměnitelný
20,1.0,chuť
20,1.0,krásně
20,1.0,zamíchaný
20,1.0,chuťově
20,1.0,božská
20,1.0,objednat
20,1.0,krevetí
21,1.0,skvělý
21,1.0,restaurace
21,1.0,vybrat
21,1.0,sraz
21,1.0,spolužačka
21,1.0,gymnázium
21,1.0,mít
21,1.0,lassagnout
21,1.0,boulognese
21,1.0,manžel
21,1.0,pizza
21,1.0,Pellegrin
21,1.0,ostatní
21,1.0,dáma
21,1.0,tatarák
21,1.0,všechen
21,1.0,moc
21,1.0,chutnat
21,1.0,pití
21,1.0,bílý
21,1.0,martini
21,1.0,pivo
21,1.0,Matton
21,1.0,jídlo
21,1.0,vynikající
21,1.0,espressa
21,1.0,obsluha
21,1.0,skvělý
21,1.0,přívětivý
21,1.0,nádherný
21,1.0,večer
21,1.0,příští
21,1.0,sraz
21,1.0,tamtéž
21,1.0,mít
21,1.0,bezbariérový
21,1.0,přízemí
21,1.0,vozík
21,1.0,ideální
21,1.0,skvělý
21,1.0,restaurace
21,1.0,vybrat
21,1.0,sraz
21,1.0,spolužačka
21,1.0,gymnázium
21,1.0,mít
21,1.0,lassagnout
21,1.0,boulognese
21,1.0,manžel
21,1.0,pizza
21,1.0,Pellegrin
21,1.0,ostatní
21,1.0,dáma
21,1.0,tatarák
21,1.0,všechen
21,1.0,moc
21,1.0,chutnat
21,1.0,pití
21,1.0,bílý
21,1.0,martini
21,1.0,pivo
21,1.0,Matton
21,1.0,jídlo
21,1.0,vynikající
21,1.0,espressa
21,1.0,obsluha
21,1.0,skvělý
21,1.0,přívětivý
21,1.0,nádherný
21,1.0,večer
21,1.0,příští
21,1.0,sraz
21,1.0,tamtéž
21,1.0,mít
21,1.0,bezbariérový
21,1.0,přízemí
21,1.0,vozík
21,1.0,ideální
22,0.0,návštěva
22,0.0,restaurace
22,0.0,napomoct
22,0.0,tradiční
22,0.0,rodinný
22,0.0,setkání
22,0.0,přiznat
22,0.0,končina
22,0.0,hospoda
22,0.0,hledat
22,0.0,pivo
22,0.0,mít
22,0.0,dobrá
22,0.0,chutný
22,0.0,víno
22,0.0,trocha
22,0.0,rozumět
22,0.0,dávat
22,0.0,příchod
22,0.0,obsadit
22,0.0,skoro
22,0.0,celá
22,0.0,hospoda
22,0.0,velice
22,0.0,potěšit
22,0.0,moct
22,0.0,rozložit
22,0.0,občerstvení
22,0.0,lístek
22,0.0,bohatý
22,0.0,jídlo
22,0.0,bramborák
22,0.0,bohužel
22,0.0,jídlo
22,0.0,napsat
22,0.0,daný
22,0.0,bramborák
22,0.0,ještě
22,0.0,smažit
22,0.0,friťák
22,0.0,přidat
22,0.0,ještě
22,0.0,další
22,0.0,spousta
22,0.0,tuk
22,0.0,vidět
22,0.0,kuřecí
22,0.0,prso
22,0.0,šunka
22,0.0,sýr
22,0.0,bramborák
22,0.0,jídlo
22,0.0,skoro
22,0.0,poživatelný
22,0.0,dle
22,0.0,slovo
22,0.0,žena
22,0.0,jídlo
22,0.0,lístek
22,0.0,mít
22,0.0,pochopitelný
22,0.0,název
22,0.0,stejně
22,0.0,říct
22,0.0,závorka
22,0.0,uvést
22,0.0,jídlo
22,0.0,dát
22,0.0,kuřecí
22,0.0,kung
22,0.0,pao
22,0.0,rýže
22,0.0,dlouhozrnný
22,0.0,rýže
22,0.0,oka
22,0.0,ovšem
22,0.0,kunga
22,0.0,pao
22,0.0,cítit
22,0.0,pouze
22,0.0,sojový
22,0.0,omáčka
22,0.0,silně
22,0.0,přesojovat
22,0.0,přesolit
22,0.0,bohužel
22,0.0,psát
22,0.0,špatná
22,0.0,velice
22,0.0,chutnat
22,0.0,pivní
22,0.0,sláma
22,0.0,dobře
22,0.0,upéct
22,0.0,bramborový
22,0.0,spirála
22,0.0,Dip
22,0.0,bohužel
22,0.0,tatarka
23,0.0,několik
23,0.0,léto
23,0.0,zpět
23,0.0,párkrát
23,0.0,zavítat
23,0.0,kamarád
23,0.0,škola
23,0.0,pivo
23,0.0,podnik
23,0.0,získat
23,0.0,mírný
23,0.0,averze
23,0.0,pokaždé
23,0.0,personál
23,0.0,ošidit
23,0.0,vždy
23,0.0,mít
23,0.0,napočítán
23,0.0,mnoho
23,0.0,skutečně
23,0.0,projíst
23,0.0,propít
23,0.0,dlouho
23,0.0,zavítat
23,0.0,včera
23,0.0,kamarád
23,0.0,přesvědčit
23,0.0,bar
23,0.0,navštěvovat
23,0.0,pokaždé
23,0.0,spokojit
23,0.0,rozhodnout
23,0.0,opět
23,0.0,dlouhý
23,0.0,doba
23,0.0,zavítat
23,0.0,nabídka
23,0.0,pivo
23,0.0,dostačující
23,0.0,navíc
23,0.0,chuťově
23,0.0,dobrý
23,0.0,kamarád
23,0.0,dát
23,0.0,tatarák
23,0.0,muset
23,0.0,říct
23,0.0,opravdu
23,0.0,dobrý
23,0.0,servírování
23,0.0,extra
23,0.0,chuť
23,0.0,nahradit
23,0.0,opravdu
23,0.0,dobrý
23,0.0,další
23,0.0,kamarád
23,0.0,objednat
23,0.0,kuřecí
23,0.0,křídlo
23,0.0,jídlo
23,0.0,zklamat
23,0.0,dostat
23,0.0,naprosto
23,0.0,studený
23,0.0,chuťově
23,0.0,extra
23,0.0,kdyby
23,0.0,teplý
23,0.0,dát
23,0.0,studený
23,0.0,křídlo
23,0.0,opravdu
23,0.0,správný
23,0.0,obsluhující
23,0.0,personál
23,0.0,snažit
23,0.0,milý
23,0.0,názor
23,0.0,podnik
23,0.0,jít
23,0.0,mírně
23,0.0,nahoru
23,0.0,opět
23,0.0,navštívit
23,0.0,dát
23,0.0,jídlo
23,0.0,dát
23,0.0,opravdu
23,0.0,teplé
23,0.0,Někole
24,1.0,restaurant
24,1.0,Charlie
24,1.0,square
24,1.0,nacházet
24,1.0,centrum
24,1.0,Brno
24,1.0,pár
24,1.0,krok
24,1.0,dopravní
24,1.0,uzel
24,1.0,hlavní
24,1.0,vlakový
24,1.0,nádraží
24,1.0,jiné
24,1.0,pyšnit
24,1.0,vlastní
24,1.0,minipivovar
24,1.0,uvnitř
24,1.0,podnik
24,1.0,přehlédnutelný
24,1.0,deviza
24,1.0,moderní
24,1.0,interiér
24,1.0,odkaz
24,1.0,Charlie
24,1.0,Chaplin
24,1.0,rozčlenit
24,1.0,několik
24,1.0,výškový
24,1.0,stupeň
24,1.0,každý
24,1.0,hierarchicky
24,1.0,ladit
24,1.0,jiný
24,1.0,barevný
24,1.0,dekor
24,1.0,motiv
24,1.0,přestože
24,1.0,držet
24,1.0,jednotný
24,1.0,designový
24,1.0,linie
24,1.0,vybočovat
24,1.0,snad
24,1.0,osvětlovací
24,1.0,těleso
24,1.0,definovaný
24,1.0,jeden
24,1.0,každý
24,1.0,patro
24,1.0,samostatně
24,1.0,obsluha
24,1.0,vstřícný
24,1.0,milá
24,1.0,usměvavý
24,1.0,opomenout
24,1.0,pravidelně
24,1.0,přijít
24,1.0,ujistit
24,1.0,všechen
24,1.0,jídlo
24,1.0,pití
24,1.0,pořádek
24,1.0,problém
24,1.0,upomínání
24,1.0,zvládat
24,1.0,složitý
24,1.0,objednávka
24,1.0,správný
24,1.0,načasování
24,1.0,jednotlivý
24,1.0,položka
24,1.0,návštěva
24,1.0,zahajovat
24,1.0,gratinovaný
24,1.0,kozí
24,1.0,sýr
24,1.0,med
24,1.0,vlašský
24,1.0,ořech
24,1.0,salátek
24,1.0,marinovaný
24,1.0,červený
24,1.0,řepa
24,1.0,opečený
24,1.0,máslový
24,1.0,bageta
24,1.0,sklenice
24,1.0,dostávat
24,1.0,rozlévaný
24,1.0,ryzlink
24,1.0,rýnský
24,1.0,habánský
24,1.0,sklep
24,1.0,samotný
24,1.0,sýr
24,1.0,servírovat
24,1.0,keramický
24,1.0,mystička
25,1.0,Mik
25,1.0,Pub
26,1.0,příjemný
26,1.0,rybí
26,1.0,restaurace
26,1.0,moct
26,1.0,dát
26,1.0,jídlo
26,1.0,ryba
26,1.0,moc
26,1.0,muset
26,1.0,prostředí
26,1.0,stylizovaný
26,1.0,rybářský
26,1.0,chata
26,1.0,obsluha
26,1.0,kmitat
26,1.0,moct
26,1.0,plný
26,1.0,obsazenost
26,1.0,problém
26,1.0,dostat
26,1.0,pití
26,1.0,polévka
26,1.0,trochu
26,1.0,dlouho
26,1.0,čekat
26,1.0,hlavní
26,1.0,jídlo
26,1.0,mít
26,1.0,smůla
26,1.0,pravděpodobně
26,1.0,zapomnět
26,1.0,#num#
26,1.0,minuta
26,1.0,čekání
26,1.0,přijít
26,1.0,číšník
26,1.0,dotaz
26,1.0,ještě
26,1.0,jíst
26,1.0,záporný
26,1.0,odpověď
26,1.0,odejít
26,1.0,kuchyň
26,1.0,jídlo
26,1.0,mít
26,1.0,stol
26,1.0,ovšem
26,1.0,přes
26,1.0,drobná
26,1.0,faux
26,1.0,pas
26,1.0,jídlo
26,1.0,opravdu
26,1.0,skvělý
26,1.0,smetanový
26,1.0,rybí
26,1.0,polévka
26,1.0,možný
26,1.0,zasloužit
26,1.0,dobrý
26,1.0,dochucení
26,1.0,drobný
26,1.0,manželka
26,1.0,objednat
26,1.0,těstovina
26,1.0,špenát
26,1.0,kuřecí
26,1.0,maso
26,1.0,jídlo
26,1.0,velice
26,1.0,pochvalovat
26,1.0,dát
26,1.0,kapr
26,1.0,máslo
26,1.0,kmín
26,1.0,restovaný
26,1.0,fazolka
26,1.0,slanina
26,1.0,petrželkův
26,1.0,brambor
26,1.0,kapr
26,1.0,jemný
26,1.0,maso
26,1.0,šťavnatý
26,1.0,velmi
26,1.0,chutný
26,1.0,příjemný
26,1.0,rybí
26,1.0,restaurace
26,1.0,moct
26,1.0,dát
26,1.0,jídlo
26,1.0,ryba
26,1.0,moc
26,1.0,muset
26,1.0,prostředí
26,1.0,stylizovaný
26,1.0,rybářský
26,1.0,chata
26,1.0,obsluha
26,1.0,kmitat
26,1.0,moct
26,1.0,plný
26,1.0,obsazenost
26,1.0,problém
26,1.0,dostat
27,0.0,restaurace
27,0.0,patřící
27,0.0,hotel
27,0.0,Gregor
27,0.0,působit
27,0.0,moderní
27,0.0,styl
27,0.0,umístit
27,0.0,první
27,0.0,patro
27,0.0,hotel
27,0.0,obsluha
27,0.0,velice
27,0.0,příjemný
27,0.0,milý
27,0.0,stavit
27,0.0,obědový
27,0.0,menu
27,0.0,velice
27,0.0,pozitivně
27,0.0,překvapit
27,0.0,polévka
27,0.0,zelňačka
27,0.0,velice
27,0.0,chutnat
27,0.0,uvítat
27,0.0,uzený
27,0.0,maso
27,0.0,místo
27,0.0,obyčejný
27,0.0,klobása
27,0.0,Kroupové
27,0.0,rizoto
27,0.0,smetana
27,0.0,houba
27,0.0,vynikající
27,0.0,bezvadně
27,0.0,dochucený
27,0.0,vytknout
27,0.0,celý
27,0.0,týden
27,0.0,vybraný
27,0.0,menu
27,0.0,moct
27,0.0,dát
27,0.0,zeleninový
27,0.0,salát
27,0.0,vybrat
27,0.0,rajčatový
27,0.0,uvítat
27,0.0,dobrý
27,0.0,dochucení
27,0.0,špatný
27,0.0,přiznat
27,0.0,čekat
27,0.0,obyčejný
27,0.0,jídlo
27,0.0,kladně
27,0.0,překvapit
27,0.0,restaurace
27,0.0,patřící
27,0.0,hotel
27,0.0,Gregor
27,0.0,působit
27,0.0,moderní
27,0.0,styl
27,0.0,umístit
27,0.0,první
27,0.0,patro
27,0.0,hotel
27,0.0,obsluha
27,0.0,velice
27,0.0,příjemný
27,0.0,milý
27,0.0,stavit
27,0.0,obědový
27,0.0,menu
27,0.0,velice
27,0.0,pozitivně
27,0.0,překvapit
27,0.0,polévka
27,0.0,zelňačka
27,0.0,velice
27,0.0,chutnat
27,0.0,uvítat
27,0.0,uzený
27,0.0,maso
27,0.0,místo
27,0.0,obyčejný
27,0.0,klobása
27,0.0,Kroupové
27,0.0,rizoto
27,0.0,smetana
27,0.0,houba
27,0.0,vynikající
27,0.0,bezvadně
27,0.0,dochucený
27,0.0,vytknout
27,0.0,celý
27,0.0,týden
28,1.0,restaurace
28,1.0,stavba
28,1.0,nacházet
28,1.0,Brno
28,1.0,městský
28,1.0,část
28,1.0,veveří
28,1.0,zastávka
28,1.0,MHD
28,1.0,suterénní
28,1.0,prostor
28,1.0,vybavit
28,1.0,jednoduše
28,1.0,výzdoba
28,1.0,zajišťovat
28,1.0,proprieta
28,1.0,stavbařský
28,1.0,určení
28,1.0,originální
28,1.0,zajímavý
28,1.0,rozčlenění
28,1.0,stol
28,1.0,řídit
28,1.0,požadavek
28,1.0,maximální
28,1.0,využití
28,1.0,dostupný
28,1.0,místo
28,1.0,současně
28,1.0,člověk
28,1.0,mít
28,1.0,pocit
28,1.0,stísněnost
28,1.0,Lehké
28,1.0,industriální
28,1.0,prvek
28,1.0,jít
28,1.0,ruka
28,1.0,ruka
28,1.0,celkový
28,1.0,koncept
28,1.0,podnik
28,1.0,působit
28,1.0,rušivě
28,1.0,obsluha
28,1.0,pozorný
28,1.0,milá
28,1.0,poskytovat
28,1.0,služba
28,1.0,diskrétně
28,1.0,výrazný
28,1.0,faux
28,1.0,pást
28,1.0,návštěva
28,1.0,začínat
28,1.0,objednávka
28,1.0,čepovaný
28,1.0,pivo
28,1.0,poličský
28,1.0,pivovar
28,1.0,polévka
28,1.0,říkat
28,1.0,zakládací
28,1.0,malta
28,1.0,jiné
28,1.0,výborný
28,1.0,zelňačka
28,1.0,chuťový
28,1.0,projev
28,1.0,velmi
28,1.0,dobrý
28,1.0,polévka
28,1.0,dostatečně
28,1.0,bohatý
28,1.0,následující
28,1.0,hlavní
28,1.0,chod
28,1.0,jídelní
28,1.0,lístek
28,1.0,označit
28,1.0,Kola
28,1.0,náklaďák
28,1.0,vepřový
28,1.0,panenka
28,1.0,plněný
28,1.0,špenát
28,1.0,sýrový
28,1.0,omáčka
28,1.0,zeleninový
28,1.0,obloha
28,1.0,mít
28,1.0,příloha
28,1.0,americký
28,1.0,brambora
28,1.0,kompozice
28,1.0,velice
28,1.0,povedený
28,1.0,přičemž
28,1.0,omáčka
28,1.0,navíc
28,1.0,dodávat
28,1.0,sólo
29,1.0,mít
29,1.0,slavnostní
29,1.0,oběd
29,1.0,oslava
29,1.0,maminčin
29,1.0,#num#
29,1.0,narozeniny
29,1.0,připravit
29,1.0,krásný
29,1.0,tabule
29,1.0,polévka
29,1.0,slepičí
29,1.0,vývar
29,1.0,maso
29,1.0,zelenina
29,1.0,domácí
29,1.0,nudle
29,1.0,výborná
29,1.0,hlavní
29,1.0,jídlo
29,1.0,konfitovaný
29,1.0,hovězí
29,1.0,oháňka
29,1.0,pastinákový
29,1.0,pyré
29,1.0,mana
29,1.0,nebeský
29,1.0,ostatní
29,1.0,pochvalovat
29,1.0,telecí
29,1.0,řízek
29,1.0,bramborový
29,1.0,salát
29,1.0,grilovaný
29,1.0,mořský
29,1.0,vlk
29,1.0,doznat
29,1.0,velký
29,1.0,pochvala
29,1.0,červený
29,1.0,Cabernet
29,1.0,Sauvignon
29,1.0,výborný
29,1.0,rovněž
29,1.0,šampaňský
29,1.0,pře
29,1.0,přípitek
29,1.0,závěr
29,1.0,espressa
29,1.0,sorbet
29,1.0,zmrzlina
29,1.0,vytvořit
29,1.0,skvělý
29,1.0,tečka
29,1.0,ůžasný
29,1.0,obsluha
29,1.0,velmi
29,1.0,milá
29,1.0,Konfit
29,1.0,aktuálně
29,1.0,místo
29,1.0,Rialt
29,1.0,mít
29,1.0,slavnostní
29,1.0,oběd
29,1.0,oslava
29,1.0,maminčin
29,1.0,#num#
29,1.0,narozeniny
29,1.0,připravit
29,1.0,krásný
29,1.0,tabule
29,1.0,polévka
29,1.0,slepičí
29,1.0,vývar
29,1.0,maso
29,1.0,zelenina
29,1.0,domácí
29,1.0,nudle
29,1.0,výborná
29,1.0,hlavní
29,1.0,jídlo
29,1.0,konfitovaný
29,1.0,hovězí
29,1.0,oháňka
29,1.0,pastinákový
29,1.0,pyré
29,1.0,mana
29,1.0,nebeský
29,1.0,ostatní
29,1.0,pochvalovat
29,1.0,telecí
29,1.0,řízek
29,1.0,bramborový
29,1.0,salát
29,1.0,grilovaný
29,1.0,mořský
29,1.0,vlk
29,1.0,doznat
29,1.0,velký
29,1.0,pochvala
29,1.0,červený
29,1.0,Cabernet
29,1.0,Sauvignon
29,1.0,výborný
29,1.0,rovněž
29,1.0,šampaňský
29,1.0,pře
29,1.0,přípitek
30,1.0,prostředí
30,1.0,klasický
30,1.0,indický
30,1.0,restaurace
30,1.0,působit
30,1.0,úplně
30,1.0,čistě
30,1.0,prostor
30,1.0,táhnout
30,1.0,klasický
30,1.0,vůně
30,1.0,indický
30,1.0,koření
30,1.0,jídlo
30,1.0,objednání
30,1.0,dlouho
30,1.0,čekat
30,1.0,jídlo
30,1.0,přinést
30,1.0,obsluha
30,1.0,omluvit
30,1.0,dlouho
30,1.0,trvat
30,1.0,polévka
30,1.0,indický
30,1.0,čočkový
30,1.0,uvítat
30,1.0,mnoho
30,1.0,čočka
30,1.0,hustý
30,1.0,týkat
30,1.0,chuť
30,1.0,vynikající
30,1.0,skvěle
30,1.0,dochucený
30,1.0,výborný
30,1.0,manželka
30,1.0,dát
30,1.0,Butter
30,1.0,chickno
30,1.0,naan
30,1.0,kombinace
30,1.0,thanout
30,1.0,denní
30,1.0,nabídka
30,1.0,naanum
30,1.0,rýže
30,1.0,Butter
30,1.0,chickit
30,1.0,chicken
30,1.0,vindaloo
30,1.0,tindu
30,1.0,matar
30,1.0,alo
30,1.0,cuketa
30,1.0,hrášek
30,1.0,omáčka
30,1.0,brambor
30,1.0,osobně
30,1.0,dobrý
30,1.0,butter
30,1.0,chickit
30,1.0,jídlo
30,1.0,kompletně
30,1.0,vyvážený
30,1.0,velice
30,1.0,chutný
30,1.0,prostředí
30,1.0,klasický
30,1.0,indický
30,1.0,restaurace
30,1.0,působit
30,1.0,úplně
30,1.0,čistě
30,1.0,prostor
30,1.0,táhnout
30,1.0,klasický
30,1.0,vůně
30,1.0,indický
30,1.0,koření
30,1.0,jídlo
30,1.0,objednání
30,1.0,dlouho
30,1.0,čekat
30,1.0,jídlo
30,1.0,přinést
30,1.0,obsluha
30,1.0,omluvit
30,1.0,dlouho
30,1.0,trvat
30,1.0,polévka
30,1.0,indický
30,1.0,čočkový
30,1.0,uvítat
30,1.0,mnoho
30,1.0,čočka
30,1.0,hustý
30,1.0,týkat
30,1.0,chuť
30,1.0,vynikající
30,1.0,skvěle
30,1.0,dochucený
31,1.0,britský
31,1.0,restaurant
31,1.0,robin
31,1.0,Hood
31,1.0,nacházet
31,1.0,centrum
31,1.0,Brno
31,1.0,pár
31,1.0,krok
31,1.0,dopravní
31,1.0,uzel
31,1.0,Malinovský
31,1.0,náměstí
31,1.0,interiér
31,1.0,jednoduchý
31,1.0,moderní
31,1.0,velký
31,1.0,designový
31,1.0,hrátky
31,1.0,tíha
31,1.0,výzdoba
31,1.0,jít
31,1.0,vrub
31,1.0,portrétní
31,1.0,fotografie
31,1.0,poster
31,1.0,hudební
31,1.0,divadelní
31,1.0,branže
31,1.0,korespondovat
31,1.0,podnik
31,1.0,organizovat
31,1.0,živý
31,1.0,vystoupení
31,1.0,letní
31,1.0,měsíc
31,1.0,dispozice
31,1.0,letní
31,1.0,zahrádka
31,1.0,restaurant
31,1.0,využívající
31,1.0,část
31,1.0,přilehlý
31,1.0,chodník
31,1.0,vzhledem
31,1.0,bezprostřední
31,1.0,blízkost
31,1.0,tramvajový
31,1.0,trať
31,1.0,kdovíjak
31,1.0,komfortní
31,1.0,posezení
31,1.0,těžko
31,1.0,lokalita
31,1.0,nalézt
31,1.0,vhodný
31,1.0,řešení
31,1.0,obsluha
31,1.0,sympatický
31,1.0,vstřícný
31,1.0,servírování
31,1.0,jídlo
31,1.0,ovšem
31,1.0,provádět
31,1.0,velmi
31,1.0,podivný
31,1.0,způsob
31,1.0,hrana
31,1.0,stol
31,1.0,mít
31,1.0,mnohdy
31,1.0,obava
31,1.0,celý
31,1.0,menu
31,1.0,skončit
31,1.0,zem
31,1.0,vzhledem
31,1.0,prázdný
31,1.0,restaurant
31,1.0,dokázat
31,1.0,posoudit
31,1.0,zvládnout
31,1.0,plný
31,1.0,provoz
31,1.0,pití
31,1.0,mít
31,1.0,čepovaný
31,1.0,staropramen
31,1.0,#num#
31,1.0,jídlo
31,1.0,objednávat
31,1.0,tradiční
31,1.0,gulášový
31,1.0,polévka
31,1.0,Británie
31,1.0,exportovaný
31,1.0,klasika
31,1.0,fisha
32,0.0,bistro
32,0.0,působit
32,0.0,velice
32,0.0,obyčejně
32,0.0,nabízet
32,0.0,running
32,0.0,sushít
32,0.0,klasický
32,0.0,asijský
32,0.0,pokrm
32,0.0,jeden
32,0.0,chuť
32,0.0,sushi
32,0.0,druhý
32,0.0,problém
32,0.0,manželka
32,0.0,objednat
32,0.0,pečený
32,0.0,nudle
32,0.0,chuťově
32,0.0,špatný
32,0.0,prostě
32,0.0,klasika
32,0.0,dostat
32,0.0,asijský
32,0.0,bistr
32,0.0,dát
32,0.0,running
32,0.0,sush
32,0.0,mít
32,0.0,pouze
32,0.0,jeden
32,0.0,pás
32,0.0,sortiment
32,0.0,opravdu
32,0.0,obsáhlý
32,0.0,příchod
32,0.0,host
32,0.0,pás
32,0.0,kuchařit
32,0.0,začít
32,0.0,připravovat
32,0.0,čerstvý
32,0.0,pokrm
32,0.0,pár
32,0.0,kousek
32,0.0,zbýt
32,0.0,dřívějšek
32,0.0,jelikož
32,0.0,pás
32,0.0,vzít
32,0.0,makit
32,0.0,okurka
32,0.0,oschlý
32,0.0,velice
32,0.0,líbit
32,0.0,velký
32,0.0,výběr
32,0.0,množství
32,0.0,druh
32,0.0,sushít
32,0.0,jiný
32,0.0,pokrm
32,0.0,všechen
32,0.0,asijský
32,0.0,jídlo
32,0.0,patřit
32,0.0,hodnotit
32,0.0,dobrý
32,0.0,průměr
32,0.0,bistro
32,0.0,působit
32,0.0,velice
32,0.0,obyčejně
32,0.0,nabízet
32,0.0,running
32,0.0,sushít
32,0.0,klasický
32,0.0,asijský
32,0.0,pokrm
32,0.0,jeden
32,0.0,chuť
32,0.0,sushi
32,0.0,druhý
32,0.0,problém
32,0.0,manželka
32,0.0,objednat
32,0.0,pečený
32,0.0,nudle
32,0.0,chuťově
32,0.0,špatný
32,0.0,prostě
32,0.0,klasika
32,0.0,dostat
33,0.0,restaurace
33,0.0,mít
33,0.0,krásný
33,0.0,interiér
33,0.0,velice
33,0.0,líbit
33,0.0,pultový
33,0.0,prodej
33,0.0,personál
33,0.0,příjemný
33,0.0,vtíravý
33,0.0,mít
33,0.0,přeberný
33,0.0,množství
33,0.0,víno
33,0.0,chybět
33,0.0,vinný
33,0.0,lístek
33,0.0,požádání
33,0.0,říct
33,0.0,mít
33,0.0,vybrat
33,0.0,vzhledem
33,0.0,celý
33,0.0,zeď
33,0.0,mít
33,0.0,pokrytý
33,0.0,víno
33,0.0,výběr
33,0.0,trvat
33,0.0,minimálně
33,0.0,hodina
33,0.0,trocha
33,0.0,mrzet
33,0.0,přijít
33,0.0,profesionální
33,0.0,navíc
33,0.0,člověk
33,0.0,vybrat
33,0.0,láhev
33,0.0,třeba
33,0.0,bílý
33,0.0,dostat
33,0.0,odpověď
33,0.0,většina
33,0.0,lahev
33,0.0,nachladit
33,0.0,bohužel
33,0.0,jídlo
33,0.0,objednat
33,0.0,Gravlax
33,0.0,výborný
33,0.0,opečený
33,0.0,bagetka
33,0.0,bazalkový
33,0.0,pest
33,0.0,přijít
33,0.0,pesto
33,0.0,mnoho
33,0.0,samotný
33,0.0,bageta
33,0.0,chutný
33,0.0,manželka
33,0.0,objednat
33,0.0,salát
33,0.0,Caesar
33,0.0,chutný
33,0.0,objevit
33,0.0,spálený
33,0.0,kousek
33,0.0,opražený
33,0.0,chléb
33,0.0,kamarádka
33,0.0,objednat
33,0.0,rajčatový
33,0.0,polévka
33,0.0,bohužel
33,0.0,vrátit
33,0.0,prý
33,0.0,spíše
33,0.0,protlak
33,0.0,polévka
33,0.0,relativně
33,0.0,spokojit
33,0.0,drobný
33,0.0,chybka
33,0.0,najít
33,0.0,restaurace
33,0.0,mít
33,0.0,krásný
33,0.0,interiér
34,1.0,osvědčený
34,1.0,klasika
34,1.0,dobrý
34,1.0,Plzeň
34,1.0,příjemný
34,1.0,obsluha
34,1.0,jídlo
34,1.0,dát
34,1.0,játra
34,1.0,cibulka
34,1.0,brambor
34,1.0,jídlo
34,1.0,velice
34,1.0,chutný
34,1.0,játra
34,1.0,udělat
34,1.0,málo
34,1.0,vyschlý
34,1.0,kamarád
34,1.0,objednat
34,1.0,svíčková
34,1.0,moct
34,1.0,vynachválit
34,1.0,celkový
34,1.0,dojem
34,1.0,příjemný
34,1.0,osvědčený
34,1.0,klasika
34,1.0,dobrý
34,1.0,Plzeň
34,1.0,příjemný
34,1.0,obsluha
34,1.0,jídlo
34,1.0,dát
34,1.0,játra
34,1.0,cibulka
34,1.0,brambor
34,1.0,jídlo
34,1.0,velice
34,1.0,chutný
34,1.0,játra
34,1.0,udělat
34,1.0,málo
34,1.0,vyschlý
34,1.0,kamarád
34,1.0,objednat
34,1.0,svíčková
34,1.0,moct
34,1.0,vynachválit
34,1.0,celkový
34,1.0,dojem
34,1.0,příjemný
35,1.0,restaurace
35,1.0,velmi
35,1.0,pěkný
35,1.0,prostředí
35,1.0,personál
35,1.0,pohoda
35,1.0,rodinný
35,1.0,večeře
35,1.0,pivo
35,1.0,čepovat
35,1.0,dobré
35,1.0,vinný
35,1.0,lístek
35,1.0,ucházející
35,1.0,trocha
35,1.0,zarazit
35,1.0,čepovat
35,1.0,pivo
35,1.0,Vulcana
35,1.0,#num#
35,1.0,vařit
35,1.0,Starobrno
35,1.0,předpokládat
35,1.0,klasický
35,1.0,dvanáctka
35,1.0,Starobrno
35,1.0,jídlo
35,1.0,dát
35,1.0,hovězí
35,1.0,vývar
35,1.0,vypadat
35,1.0,poctivě
35,1.0,ovšem
35,1.0,vůbec
35,1.0,dochucený
35,1.0,mastný
35,1.0,slaný
35,1.0,kamarád
35,1.0,dát
35,1.0,mexický
35,1.0,fazolový
35,1.0,polévka
35,1.0,dle
35,1.0,jho
35,1.0,slovo
35,1.0,dobrý
35,1.0,pikantní
35,1.0,frankfurtský
35,1.0,klobáska
35,1.0,fazole
35,1.0,hlavní
35,1.0,jídlo
35,1.0,objednat
35,1.0,flank
35,1.0,steak
35,1.0,salát
35,1.0,pepřový
35,1.0,omáčka
35,1.0,fazolový
35,1.0,lusk
35,1.0,slanina
35,1.0,objednat
35,1.0,rare
35,1.0,dostat
35,1.0,medium
35,1.0,rar
35,1.0,chuťově
35,1.0,vynikající
35,1.0,opravdu
35,1.0,pochutnat
35,1.0,pepřový
35,1.0,omáčka
35,1.0,velice
35,1.0,chutnat
35,1.0,trocha
35,1.0,zklamat
35,1.0,slanina
35,1.0,fazolka
35,1.0,orestovat
35,1.0,křupava
35,1.0,kousek
35,1.0,černá
35,1.0,manželka
35,1.0,dát
35,1.0,spaghetti
35,1.0,carbonara
35,1.0,změna
35,1.0,velice
35,1.0,dobře
35,1.0,ochucený
35,1.0,místo
35,1.0,decentí
35,1.0,omáčka
35,1.0,sražený
35,1.0,vajíčko
35,1.0,celkový
35,1.0,dojem
36,1.0,večerní
36,1.0,návštěva
36,1.0,zahrádka
36,1.0,obsypaný
36,1.0,člověk
36,1.0,uvnitř
36,1.0,prostředí
36,1.0,příjemný
36,1.0,hospodská
36,1.0,obsluha
36,1.0,milá
36,1.0,mírně
36,1.0,zmatený
36,1.0,kamarád
36,1.0,každý
36,1.0,dát
36,1.0,jiný
36,1.0,pivo
36,1.0,všechen
36,1.0,vynikající
36,1.0,malešický
36,1.0,desítka
36,1.0,Polička
36,1.0,Otakara
36,1.0,#num#
36,1.0,prasák
36,1.0,všechen
36,1.0,pivo
36,1.0,opravdu
36,1.0,výtečný
36,1.0,Červené
36,1.0,víno
36,1.0,skvěle
36,1.0,naservírovat
36,1.0,voda
36,1.0,ovšem
36,1.0,otevřít
36,1.0,dlouhý
36,1.0,doba
36,1.0,mírně
36,1.0,zvětralý
36,1.0,trocha
36,1.0,zklamat
36,1.0,fakt
36,1.0,víno
36,1.0,úplně
36,1.0,očekávat
36,1.0,pít
36,1.0,týkat
36,1.0,jídlo
36,1.0,dát
36,1.0,pikantní
36,1.0,fazole
36,1.0,ošatka
36,1.0,chléb
36,1.0,ošatka
36,1.0,#num#
36,1.0,silný
36,1.0,půlkrat
36,1.0,chuťově
36,1.0,dobré
36,1.0,jemně
36,1.0,pikantní
36,1.0,kamarád
36,1.0,dát
36,1.0,smažený
36,1.0,sýr
36,1.0,hranolek
36,1.0,hranolek
36,1.0,opravdu
36,1.0,domácí
36,1.0,velice
36,1.0,oceňovat
36,1.0,sýr
36,1.0,velice
36,1.0,chutný
36,1.0,drobný
36,1.0,nedostatek
36,1.0,pořád
36,1.0,hostinec
36,1.0,velice
36,1.0,nadprůměrný
36,1.0,rád
36,1.0,opět
36,1.0,podívat
36,1.0,večerní
36,1.0,návštěva
36,1.0,zahrádka
36,1.0,obsypaný
36,1.0,člověk
36,1.0,uvnitř
36,1.0,prostředí
36,1.0,příjemný
36,1.0,hospodská
36,1.0,obsluha
36,1.0,milá
36,1.0,mírně
36,1.0,zmatený
36,1.0,kamarád
36,1.0,každý
36,1.0,dát
36,1.0,jiný
36,1.0,pivo
37,0.0,jednoduchý
37,0.0,klasický
37,0.0,hospůdka
37,0.0,průměrný
37,0.0,jídlo
37,0.0,obsluha
37,0.0,moc
37,0.0,usmát
37,0.0,příjemný
37,0.0,zahrádka
37,0.0,oběd
37,0.0,boršč
37,0.0,dochucovadlo
37,0.0,přítomen
37,0.0,bohužel
37,0.0,celkový
37,0.0,dojem
37,0.0,polévka
37,0.0,dobrý
37,0.0,těstovinový
37,0.0,salát
37,0.0,zeleninový
37,0.0,salát
37,0.0,kuřecí
37,0.0,maso
37,0.0,zklamat
37,0.0,těstovinový
37,0.0,salát
37,0.0,špenát
37,0.0,chuťově
37,0.0,dobrý
37,0.0,zeleninový
37,0.0,kuřecí
37,0.0,maso
37,0.0,zeleninový
37,0.0,salát
37,0.0,čínský
37,0.0,zelí
37,0.0,okurka
37,0.0,rajče
37,0.0,chybět
37,0.0,výrazný
37,0.0,chuť
37,0.0,jídlo
37,0.0,urazit
37,0.0,nadchnout
37,0.0,jednoduchý
37,0.0,klasický
37,0.0,hospůdka
37,0.0,průměrný
37,0.0,jídlo
37,0.0,obsluha
37,0.0,moc
37,0.0,usmát
37,0.0,příjemný
37,0.0,zahrádka
37,0.0,oběd
37,0.0,boršč
37,0.0,dochucovadlo
37,0.0,přítomen
37,0.0,bohužel
37,0.0,celkový
37,0.0,dojem
37,0.0,polévka
37,0.0,dobrý
37,0.0,těstovinový
37,0.0,salát
37,0.0,zeleninový
37,0.0,salát
37,0.0,kuřecí
37,0.0,maso
37,0.0,zklamat
37,0.0,těstovinový
37,0.0,salát
37,0.0,špenát
37,0.0,chuťově
37,0.0,dobrý
37,0.0,zeleninový
37,0.0,kuřecí
37,0.0,maso
37,0.0,zeleninový
37,0.0,salát
37,0.0,čínský
37,0.0,zelí
37,0.0,okurka
37,0.0,rajče
37,0.0,chybět
37,0.0,výrazný
37,0.0,chuť
37,0.0,jídlo
37,0.0,urazit
37,0.0,nadchnout
38,1.0,líbit
38,1.0,zajít
38,1.0,večer
38,1.0,fotbal
38,1.0,dát
38,1.0,dva
38,1.0,pivko
38,1.0,topinka
38,1.0,střít
38,1.0,čep
38,1.0,Dačice
38,1.0,#num#
38,1.0,Brno
38,1.0,dobrý
38,1.0,topinka
38,1.0,střela
38,1.0,fajn
38,1.0,líbit
38,1.0,hodně
38,1.0,maso
38,1.0,líbit
38,1.0,zajít
38,1.0,večer
38,1.0,fotbal
38,1.0,dát
38,1.0,dva
38,1.0,pivko
38,1.0,topinka
38,1.0,střít
38,1.0,čep
38,1.0,Dačice
38,1.0,#num#
38,1.0,Brno
38,1.0,dobrý
38,1.0,topinka
38,1.0,střela
38,1.0,fajn
38,1.0,líbit
38,1.0,hodně
38,1.0,masa
39,0.0,restaurace
39,0.0,Montenegro
39,0.0,Pub
39,0.0,nacházet
39,0.0,poměrně
39,0.0,frekventovaný
39,0.0,kotlářský
39,0.0,ulice
39,0.0,Brno
39,0.0,dříve
39,0.0,jmenovat
39,0.0,prokop
39,0.0,nový
39,0.0,majitel
39,0.0,zrekonstruovat
39,0.0,vnitřní
39,0.0,prostor
39,0.0,zmodernizovat
39,0.0,vybavení
39,0.0,nicméně
39,0.0,atribut
39,0.0,například
39,0.0,celoročně
39,0.0,vyhřívaný
39,0.0,zaplachtovaný
39,0.0,zahrádka
39,0.0,skladba
39,0.0,charakter
39,0.0,jídelníček
39,0.0,zůstat
39,0.0,podstata
39,0.0,zachovat
39,0.0,výrazný
39,0.0,změna
39,0.0,orientace
39,0.0,pivní
39,0.0,fajnšmekr
39,0.0,zřejmý
39,0.0,navíc
39,0.0,dařit
39,0.0,stále
39,0.0,populární
39,0.0,rumový
39,0.0,degustace
39,0.0,výše
39,0.0,zmíněný
39,0.0,mít
39,0.0,nabídka
39,0.0,prodat
39,0.0,rozvozit
39,0.0,led
39,0.0,smíšený
39,0.0,obsluha
39,0.0,odpovídat
39,0.0,charakter
39,0.0,podnik
39,0.0,zatímco
39,0.0,dámský
39,0.0,část
39,0.0,vykazovat
39,0.0,snaha
39,0.0,starostlivost
39,0.0,pánský
39,0.0,část
39,0.0,působit
39,0.0,znuděně
39,0.0,otráveně
39,0.0,mít
39,0.0,frivolnost
39,0.0,uvolněnost
39,0.0,servírování
39,0.0,jídlo
39,0.0,pití
39,0.0,muset
39,0.0,přístup
39,0.0,podpořit
39,0.0,alespoň
39,0.0,jistý
39,0.0,míra
39,0.0,profesionalita
39,0.0,přinejmenším
39,0.0,kapka
39,0.0,grácie
39,0.0,zájem
39,0.0,donáška
39,0.0,stůl
39,0.0,obsluha
39,0.0,pití
39,0.0,mít
39,0.0,točený
39,0.0,kofola
39,0.0,jídlo
39,0.0,objednávat
39,0.0,gulášový
39,0.0,polévka
39,0.0,svíčková
39,0.0,smetana
39,0.0,housit
40,1.0,příjemný
40,1.0,bar
40,1.0,kousek
40,1.0,centrum
40,1.0,velký
40,1.0,výběr
40,1.0,nápoj
40,1.0,návštěva
40,1.0,pátek
40,1.0,prázdný
40,1.0,plný
40,1.0,zahrádka
40,1.0,velice
40,1.0,zajímavý
40,1.0,výzva
40,1.0,bouchaný
40,1.0,tequila
40,1.0,tequila
40,1.0,challeng
40,1.0,#num#
40,1.0,panák
40,1.0,#num#
40,1.0,rána
40,1.0,hlava
40,1.0,Chcete-le
40,1.0,rychle
40,1.0,opít
40,1.0,doporučovat
40,1.0,vyzkoušet
40,1.0,příjemný
40,1.0,bar
40,1.0,kousek
40,1.0,centrum
40,1.0,velký
40,1.0,výběr
40,1.0,nápoj
40,1.0,návštěva
40,1.0,pátek
40,1.0,prázdný
40,1.0,plný
40,1.0,zahrádka
40,1.0,velice
40,1.0,zajímavý
40,1.0,výzva
40,1.0,bouchaný
40,1.0,tequila
40,1.0,tequila
40,1.0,challeng
40,1.0,#num#
40,1.0,panák
40,1.0,#num#
40,1.0,rána
40,1.0,hlava
40,1.0,Chcete-le
40,1.0,rychle
40,1.0,opít
40,1.0,doporučovat
40,1.0,vyzkoušet
41,0.0,restaurace
41,0.0,vícekrát
41,0.0,průběh
41,0.0,léto
41,0.0,interiér
41,0.0,vypadat
41,0.0,špatně
41,0.0,mít
41,0.0,relativně
41,0.0,blízko
41,0.0,většina
41,0.0,vyskytnout
41,0.0,zádrhel
41,0.0,týkající
41,0.0,obsluha
41,0.0,jídlo
41,0.0,nyní
41,0.0,Toscana
41,0.0,vypravit
41,0.0,dlouhý
41,0.0,doba
41,0.0,dát
41,0.0,poslední
41,0.0,šance
41,0.0,dopadnout
41,0.0,ještě
41,0.0,zle
41,0.0,dříve
41,0.0,teď
41,0.0,definitivně
41,0.0,naposledy
41,0.0,podnik
41,0.0,vkročit
41,0.0,lepší
41,0.0,potřeba
41,0.0,přiznat
41,0.0,restaurace
41,0.0,vyloučit
41,0.0,dle
41,0.0,názor
41,0.0,podnik
41,0.0,moct
41,0.0,zavřít
41,0.0,každý
41,0.0,samozřejmě
41,0.0,zvážit
41,0.0,jestli
41,0.0,spokojit
41,0.0,úvod
41,0.0,obsluha
41,0.0,příšerný
41,0.0,poslední
41,0.0,návštěva
41,0.0,stát
41,0.0,chtít
41,0.0,manžel
41,0.0,dát
41,0.0,meníčko
41,0.0,servírka
41,0.0,říct
41,0.0,moct
41,0.0,dát
41,0.0,jakýkoliv
41,0.0,denní
41,0.0,výběr
41,0.0,potom
41,0.0,vybrat
41,0.0,smažený
41,0.0,sýr
41,0.0,servírka
41,0.0,vrátit
41,0.0,smažený
41,0.0,sýr
41,0.0,další
41,0.0,meníčko
41,0.0,prý
41,0.0,doporučovat
41,0.0,koulet
41,0.0,oko
41,0.0,vyjádřit
41,0.0,smysl
41,0.0,jídlo
41,0.0,dívat
41,0.0,přecházet
41,0.0,chuť
41,0.0,prý
41,0.0,mít
41,0.0,dát
41,0.0,rád
41,0.0,piz
42,1.0,restaurace
42,1.0,Lužánka
42,1.0,nacházet
42,1.0,veliký
42,1.0,brněnský
42,1.0,park
42,1.0,stejný
42,1.0,název
42,1.0,koneckonců
42,1.0,uvnitř
42,1.0,podnik
42,1.0,díky
42,1.0,barevný
42,1.0,velkoplošný
42,1.0,fotografie
42,1.0,rozhodně
42,1.0,dát
42,1.0,přehlédnout
42,1.0,mít
42,1.0,dva
42,1.0,místnost
42,1.0,jeden
42,1.0,mít
42,1.0,charakter
42,1.0,klasický
42,1.0,pivnice
42,1.0,druhý
42,1.0,vkusně
42,1.0,moderně
42,1.0,zařízený
42,1.0,restaurant
42,1.0,úzký
42,1.0,zahrádka
42,1.0,podnik
42,1.0,zajišťovat
42,1.0,horký
42,1.0,letní
42,1.0,den
42,1.0,venkovní
42,1.0,posezení
42,1.0,nicméně
42,1.0,krása
42,1.0,mnoho
42,1.0,pobrat
42,1.0,navíc
42,1.0,orientace
42,1.0,rušný
42,1.0,třída
42,1.0,devalvovat
42,1.0,všechen
42,1.0,snad
42,1.0,moct
42,1.0,pojit
42,1.0,slůvko
42,1.0,příjemné
42,1.0,mladý
42,1.0,personál
42,1.0,milý
42,1.0,vstřícný
42,1.0,zvládat
42,1.0,výrazný
42,1.0,problém
42,1.0,obsloužit
42,1.0,dva
42,1.0,část
42,1.0,podnik
42,1.0,rychle
42,1.0,efektivně
42,1.0,pití
42,1.0,mít
42,1.0,perlivý
42,1.0,minerální
42,1.0,voda
42,1.0,rozlévaný
42,1.0,červený
42,1.0,víno
42,1.0,odrůda
42,1.0,modrý
42,1.0,portugal
42,1.0,Rakvice
42,1.0,výběrový
42,1.0,ročník
42,1.0,honosit
42,1.0,přívlastek
42,1.0,běžný
42,1.0,denní
42,1.0,pití
42,1.0,pořádek
42,1.0,menu
42,1.0,zahajovat
42,1.0,kulajda
42,1.0,houba
42,1.0,pošírovaný
42,1.0,vejce
42,1.0,šťouchaný
42,1.0,brambora
42,1.0,první
42,1.0,pohled
42,1.0,zaujmout
42,1.0,vejce
42,1.0,dokázat
42,1.0,představit
42,1.0,proces
43,1.0,klidný
43,1.0,příjemný
43,1.0,prostředí
43,1.0,penzion
43,1.0,vyhovovat
43,1.0,ubytování
43,1.0,klidný
43,1.0,posezení
43,1.0,jídlo
43,1.0,restaurace
43,1.0,návštěva
43,1.0,probíhat
43,1.0,drobný
43,1.0,úprava
43,1.0,vinný
43,1.0,lístek
43,1.0,mít
43,1.0,všechen
43,1.0,víno
43,1.0,vybrat
43,1.0,dobře
43,1.0,předkrm
43,1.0,dát
43,1.0,rajčatový
43,1.0,tataráček
43,1.0,chuť
43,1.0,výborný
43,1.0,ovšem
43,1.0,zvážit
43,1.0,málo
43,1.0,česnek
43,1.0,jelikož
43,1.0,chuť
43,1.0,přebít
43,1.0,všechen
43,1.0,ostatní
43,1.0,manželka
43,1.0,dát
43,1.0,Caesar
43,1.0,salát
43,1.0,kuřecí
43,1.0,maso
43,1.0,opražený
43,1.0,slanina
43,1.0,salát
43,1.0,výborně
43,1.0,dochucený
43,1.0,slanina
43,1.0,vůbec
43,1.0,muset
43,1.0,hlavní
43,1.0,jídlo
43,1.0,vepřový
43,1.0,panenka
43,1.0,parmazánové
43,1.0,krusta
43,1.0,opečený
43,1.0,brambor
43,1.0,výborný
43,1.0,jídlo
43,1.0,brambor
43,1.0,málo
43,1.0,dosolený
43,1.0,celkový
43,1.0,koncept
43,1.0,jídlo
43,1.0,skvělý
43,1.0,vyvážený
43,1.0,opravdu
43,1.0,doporučovat
43,1.0,klidný
43,1.0,příjemný
43,1.0,prostředí
43,1.0,penzion
43,1.0,vyhovovat
43,1.0,ubytování
43,1.0,klidný
43,1.0,posezení
43,1.0,jídlo
43,1.0,restaurace
43,1.0,návštěva
43,1.0,probíhat
43,1.0,drobný
43,1.0,úprava
43,1.0,vinný
43,1.0,lístek
43,1.0,mít
43,1.0,všechen
43,1.0,víno
43,1.0,vybrat
43,1.0,dobře
43,1.0,předkrm
43,1.0,dát
43,1.0,rajčatový
43,1.0,tataráček
43,1.0,chuť
43,1.0,výborný
43,1.0,ovšem
43,1.0,zvážit
44,1.0,Kanas
44,1.0,restaurant
44,1.0,dát
44,1.0,označit
44,1.0,univerzitní
44,1.0,podnik
44,1.0,poloha
44,1.0,uprostřed
44,1.0,obrovský
44,1.0,kampus
44,1.0,vysoký
44,1.0,učení
44,1.0,technický
44,1.0,nabízet
44,1.0,samozřejmě
44,1.0,lid
44,1.0,studentský
44,1.0,zeď
44,1.0,vítat
44,1.0,koneckonců
44,1.0,vědychtivý
44,1.0,mládež
44,1.0,každý
44,1.0,koruna
44,1.0,dobrá
44,1.0,ještě
44,1.0,jídelna
44,1.0,sto
44,1.0,místo
44,1.0,sezení
44,1.0,chtít
44,1.0,posedět
44,1.0,káva
44,1.0,kavárna
44,1.0,samozřejmost
44,1.0,zastřešený
44,1.0,letní
44,1.0,zahrádka
44,1.0,pohled
44,1.0,prostora
44,1.0,koncipovat
44,1.0,opravdu
44,1.0,bohatýrsky
44,1.0,ostatně
44,1.0,týkat
44,1.0,samotný
44,1.0,restaurace
44,1.0,všude
44,1.0,spousta
44,1.0,místo
44,1.0,byť
44,1.0,interiér
44,1.0,poměrně
44,1.0,tmavý
44,1.0,lehounko
44,1.0,depresivní
44,1.0,působit
44,1.0,stísněně
44,1.0,kombinace
44,1.0,moderna
44,1.0,podoba
44,1.0,velká
44,1.0,led
44,1.0,obrazovka
44,1.0,starý
44,1.0,dobrý
44,1.0,čas
44,1.0,zastoupený
44,1.0,dřevěný
44,1.0,rustikální
44,1.0,komoda
44,1.0,masivní
44,1.0,nábytek
44,1.0,vytvářet
44,1.0,zajímavý
44,1.0,prostředí
44,1.0,vysoký
44,1.0,variabilita
44,1.0,nálada
44,1.0,obsluha
44,1.0,početný
44,1.0,vysoce
44,1.0,profesionální
44,1.0,člověk
44,1.0,mít
44,1.0,pocit
44,1.0,mít
44,1.0,neustále
44,1.0,hledáček
44,1.0,aniž
44,1.0,působit
44,1.0,otravně
44,1.0,dotěrně
44,1.0,vždy
44,1.0,zeptat
44,1.0,zda
44,1.0,jídlo
44,1.0,pořádek
45,0.0,počáteční
45,0.0,nadšení
45,0.0,nahradit
45,0.0,mírný
45,0.0,zklamání
45,0.0,příchod
45,0.0,sklepní
45,0.0,restaurace
45,0.0,zarazit
45,0.0,úplně
45,0.0,prázdné
45,0.0,zahrádka
45,0.0,restaurace
45,0.0,přijít
45,0.0,kolem
45,0.0,#num#
45,0.0,hodiny
45,0.0,obsluha
45,0.0,začátek
45,0.0,moc
45,0.0,příjemné
45,0.0,koukat
45,0.0,kdyby
45,0.0,obtěžovat
45,0.0,mít
45,0.0,jídelní
45,0.0,nápojový
45,0.0,lístek
45,0.0,vědět
45,0.0,snažit
45,0.0,dělat
45,0.0,čerstvý
45,0.0,kuchyně
45,0.0,mít
45,0.0,jídlo
45,0.0,nakoupit
45,0.0,předem
45,0.0,ovšem
45,0.0,nikde
45,0.0,restaurace
45,0.0,dozvědět
45,0.0,host
45,0.0,čekat
45,0.0,překvapit
45,0.0,paní
45,0.0,přijít
45,0.0,rychle
45,0.0,spustit
45,0.0,dnes
45,0.0,mít
45,0.0,navíc
45,0.0,číst
45,0.0,nadepsaný
45,0.0,tabule
45,0.0,někdy
45,0.0,pořádně
45,0.0,rozumět
45,0.0,chtít
45,0.0,vyzkoušet
45,0.0,kamarád
45,0.0,japonský
45,0.0,kuchyně
45,0.0,dát
45,0.0,všechen
45,0.0,mít
45,0.0,nabídka
45,0.0,čekat
45,0.0,každý
45,0.0,dostat
45,0.0,talířek
45,0.0,uprostřed
45,0.0,veliký
45,0.0,mísa
45,0.0,jídlo
45,0.0,bohužel
45,0.0,stát
45,0.0,dostat
45,0.0,velice
45,0.0,malý
45,0.0,miska
45,0.0,porce
45,0.0,rýže
45,0.0,chuťově
45,0.0,zlé
45,0.0,dobré
45,0.0,klidně
45,0.0,jídlo
45,0.0,vrátit
45,0.0,autentický
45,0.0,chuť
45,0.0,Asie
45,0.0,ovšem
45,0.0,odcháza
46,1.0,restaurace
46,1.0,Tulip
46,1.0,nacházet
46,1.0,suterén
46,1.0,činžovní
46,1.0,dům
46,1.0,jeden
46,1.0,brněnský
46,1.0,třída
46,1.0,nedaleko
46,1.0,centrum
46,1.0,samotný
46,1.0,prostor
46,1.0,rozdělit
46,1.0,několik
46,1.0,místnost
46,1.0,přehlédnutelný
46,1.0,dekorace
46,1.0,tulipánový
46,1.0,výzdoba
46,1.0,koneckonců
46,1.0,živý
46,1.0,květ
46,1.0,součást
46,1.0,každý
46,1.0,stůl
46,1.0,architektura
46,1.0,místnost
46,1.0,ponechat
46,1.0,původní
46,1.0,podoba
46,1.0,omítnutý
46,1.0,cihla
46,1.0,nábytek
46,1.0,dřevěný
46,1.0,masiv
46,1.0,moderní
46,1.0,pojetí
46,1.0,osvětlení
46,1.0,starat
46,1.0,designový
46,1.0,lustr
46,1.0,letní
46,1.0,zahrádka
46,1.0,chodník
46,1.0,restaurant
46,1.0,nouze
46,1.0,ctnost
46,1.0,velký
46,1.0,terno
46,1.0,konat
46,1.0,obsluha
46,1.0,příjemný
46,1.0,pohotový
46,1.0,nabízet
46,1.0,sympatický
46,1.0,nadhled
46,1.0,aniž
46,1.0,utrpět
46,1.0,profesionalita
46,1.0,pozdní
46,1.0,oběd
46,1.0,zahajovat
46,1.0,sklenička
46,1.0,rozlévaný
46,1.0,bílý
46,1.0,Chardonnaa
46,1.0,servírovat
46,1.0,grilovaný
46,1.0,kozí
46,1.0,sýr
46,1.0,jablkový
46,1.0,chutnee
46,1.0,polníček
46,1.0,rozpečený
46,1.0,bagetka
46,1.0,fungovat
46,1.0,velmi
46,1.0,dobře
46,1.0,vyvážený
46,1.0,lehký
46,1.0,chutnat
46,1.0,dobře
46,1.0,stát
46,1.0,zmínka
46,1.0,lehký
46,1.0,modifikace
46,1.0,jídelní
46,1.0,lístek
46,1.0,veliký
46,1.0,malý
46,1.0,míra
46,1.0,objevovat
46,1.0,každý
46,1.0,chod
46,1.0,hlavní
46,1.0,mít
46,1.0,podoba
46,1.0,pošírovaný
47,1.0,poslední
47,1.0,návštěva
47,1.0,jiné
47,1.0,změnit
47,1.0,samotný
47,1.0,režim
47,1.0,fungování
47,1.0,podnik
47,1.0,doba
47,1.0,#num#
47,1.0,#num#
47,1.0,hodina
47,1.0,mít
47,1.0,omezený
47,1.0,provoz
47,1.0,kuchyň
47,1.0,praxe
47,1.0,znamenat
47,1.0,doba
47,1.0,Pavillon
47,1.0,fungovat
47,1.0,podstata
47,1.0,kavárna
47,1.0,vařit
47,1.0,tehdy
47,1.0,návštěva
47,1.0,člověk
47,1.0,předem
47,1.0,domluvit
47,1.0,díky
47,1.0,přicházet
47,1.0,pevně
47,1.0,daný
47,1.0,výběr
47,1.0,jíst
47,1.0,variace
47,1.0,připouštět
47,1.0,otázka
47,1.0,pití
47,1.0,druhý
47,1.0,strana
47,1.0,znamenat
47,1.0,personál
47,1.0,příchod
47,1.0,nachystaný
47,1.0,moct
47,1.0,prodlení
47,1.0,přistoupit
47,1.0,vlastní
47,1.0,degustování
47,1.0,vybrat
47,1.0,místní
47,1.0,pětichodový
47,1.0,degustační
47,1.0,menu
47,1.0,ještě
47,1.0,přidávat
47,1.0,snoubený
47,1.0,víno
47,1.0,všechen
47,1.0,zahajovat
47,1.0,sklenička
47,1.0,prosecca
47,1.0,domácí
47,1.0,pečivo
47,1.0,čerstvě
47,1.0,našlehaný
47,1.0,máslo
47,1.0,minerálka
47,1.0,San
47,1.0,Pellegrino
47,1.0,Amuse
47,1.0,bouche
47,1.0,mít
47,1.0,podoba
47,1.0,jednohubkový
47,1.0,salátek
47,1.0,hlavní
47,1.0,položka
47,1.0,tvořit
47,1.0,červený
47,1.0,řepa
47,1.0,poté
47,1.0,přicházet
47,1.0,řada
47,1.0,tradičně
47,1.0,řešený
47,1.0,krevetový
47,1.0,koktejl
47,1.0,salátek
47,1.0,Little
47,1.0,gem
47,1.0,celerovo-pomerančová
47,1.0,chutnea
47,1.0,koňakový
47,1.0,marinování
47,1.0,vinný
47,1.0,sklenka
47,1.0,nalévat
48,1.0,opět
48,1.0,vydat
48,1.0,další
48,1.0,podnik
48,1.0,Brno
48,1.0,tentokráte
48,1.0,ibc
48,1.0,restaurace
48,1.0,Sunseta
48,1.0,restaurace
48,1.0,přivést
48,1.0,anketa
48,1.0,zlatý
48,1.0,kuchař
48,1.0,šéf
48,1.0,kuchyň
48,1.0,znát
48,1.0,dobrý
48,1.0,ráno
48,1.0,časopis
48,1.0,zvědavý
48,1.0,vařit
48,1.0,slečna
48,1.0,obsluha
48,1.0,mnoho
48,1.0,příjemné
48,1.0,mít
48,1.0,treska
48,1.0,doprovod
48,1.0,panenka
48,1.0,všechen
48,1.0,skvělý
48,1.0,krásný
48,1.0,doporučovat
48,1.0,opět
48,1.0,vydat
48,1.0,další
48,1.0,podnik
48,1.0,Brno
48,1.0,tentokráte
48,1.0,ibc
48,1.0,restaurace
48,1.0,Sunseta
48,1.0,restaurace
48,1.0,přivést
48,1.0,anketa
48,1.0,zlatý
48,1.0,kuchař
48,1.0,šéf
48,1.0,kuchyň
48,1.0,znát
48,1.0,dobrý
48,1.0,ráno
48,1.0,časopis
48,1.0,zvědavý
48,1.0,vařit
48,1.0,slečna
48,1.0,obsluha
48,1.0,mnoho
48,1.0,příjemné
48,1.0,mít
48,1.0,treska
48,1.0,doprovod
48,1.0,panenka
48,1.0,všechen
48,1.0,skvělý
48,1.0,krásný
48,1.0,doporučovat
49,1.0,Kohout
49,1.0,zvědavý
49,1.0,nyní
49,1.0,nabízet
49,1.0,kohoutek
49,1.0,víno
49,1.0,tajemný
49,1.0,název
49,1.0,pokrm
49,1.0,budit
49,1.0,zvědavost
49,1.0,interiér
49,1.0,příjemný
49,1.0,detail
49,1.0,poněkud
49,1.0,dotažený
49,1.0,vinný
49,1.0,koutek
49,1.0,klubovka
49,1.0,působit
49,1.0,velmi
49,1.0,útulna
49,1.0,např
49,1.0,funkce
49,1.0,piano
49,1.0,odkládací
49,1.0,stolek
49,1.0,diskutabilní
49,1.0,obsluha
49,1.0,stoprocentní
49,1.0,decentní
49,1.0,znalý
49,1.0,příjemný
49,1.0,rychlý
49,1.0,všechen
49,1.0,zvolit
49,1.0,degustační
49,1.0,menu
49,1.0,vzpomenout
49,1.0,všechen
49,1.0,položka
49,1.0,nahlédnutí
49,1.0,jídelní
49,1.0,lístek
49,1.0,usnadnit
49,1.0,název
49,1.0,jídlo
49,1.0,vybavovat
49,1.0,přítel
49,1.0,volit
49,1.0,rybí
49,1.0,polévka
49,1.0,naprosto
49,1.0,famosní
49,1.0,chuť
49,1.0,dáma
49,1.0,nadchnout
49,1.0,krém
49,1.0,medvědí
49,1.0,česnek
49,1.0,lahodnost
49,1.0,překvapit
49,1.0,celerový
49,1.0,pěna
49,1.0,tenž
49,1.0,další
49,1.0,pokrm
49,1.0,obvyklý
49,1.0,kombinace
49,1.0,ingredience
49,1.0,sladěný
49,1.0,skvělý
49,1.0,chuť
49,1.0,steak
49,1.0,foie
49,1.0,grasit
49,1.0,dokonalý
49,1.0,ochutnávka
49,1.0,několik
49,1.0,druh
49,1.0,sladkost
49,1.0,dovršit
49,1.0,pocit
49,1.0,dokonalost
49,1.0,pití
49,1.0,doporučený
49,1.0,víno
49,1.0,prý
49,1.0,skvělý
49,1.0,ochutnat
49,1.0,pouze
49,1.0,dáma
49,1.0,rozhodně
49,1.0,chystat
49,1.0,další
49,1.0,návštěva
49,1.0,okusit
49,1.0,další
49,1.0,nabídka
49,1.0,dovolit
49,1.0,poznámka
49,1.0,jist
49,1.0,zda
49,1.0,tradiční
49,1.0,náz
50,0.0,návrat
50,0.0,Bouché
50,0.0,čtyři
50,0.0,léto
50,0.0,nést
50,0.0,znamení
50,0.0,komorní
50,0.0,narozeninový
50,0.0,oslava
50,0.0,zkraje
50,0.0,vítat
50,0.0,jeden
50,0.0,milý
50,0.0,překvapení
50,0.0,výpadek
50,0.0,platební
50,0.0,terminál
50,0.0,nemožnost
50,0.0,platit
50,0.0,hotově
50,0.0,snad
50,0.0,pátek
50,0.0,třináctý
50,0.0,každopádně
50,0.0,rozhodnout
50,0.0,nedat
50,0.0,zkazit
50,0.0,nálada
50,0.0,uvítání
50,0.0,vstupní
50,0.0,ceremoniál
50,0.0,obsluha
50,0.0,prvotřídní
50,0.0,poskvrnka
50,0.0,vystupování
50,0.0,distingovaný
50,0.0,znalost
50,0.0,bohatý
50,0.0,servis
50,0.0,profesionální
50,0.0,celý
50,0.0,večer
50,0.0,scénář
50,0.0,malinko
50,0.0,slevit
50,0.0,patřit
50,0.0,blahopřání
50,0.0,poděkování
50,0.0,úvod
50,0.0,ptaní
50,0.0,nalévat
50,0.0,filtrovaný
50,0.0,voda
50,0.0,nabídnut
50,0.0,aperitiv
50,0.0,forma
50,0.0,italský
50,0.0,prosecc
50,0.0,jídelní
50,0.0,lístek
50,0.0,vybírat
50,0.0,pětichodový
50,0.0,degustační
50,0.0,menu
50,0.0,včetně
50,0.0,snoubený
50,0.0,vína
50,0.0,představení
50,0.0,začínat
50,0.0,tatarák
50,0.0,tuňák
50,0.0,doplněný
50,0.0,avokádo
50,0.0,sezam
50,0.0,salátek
50,0.0,vinný
50,0.0,sklenka
50,0.0,mít
50,0.0,ryzlink
50,0.0,rýnský
50,0.0,Sonberka
50,0.0,jednoduchý
50,0.0,chutný
50,0.0,velký
50,0.0,čarování
50,0.0,jít
50,0.0,rovnou
50,0.0,věc
50,0.0,koneckonců
50,0.0,přesně
50,0.0,gusto
50,0.0,následovat
50,0.0,krém
50,0.0,zelený
50,0.0,chře
51,1.0,zkouška
51,1.0,nový
51,1.0,whiskáč
51,1.0,prostředí-
51,1.0,pořád
51,1.0,starý
51,1.0,whiskáč
51,1.0,vypíchnout
51,1.0,perfektní
51,1.0,obsluha
51,1.0,zadní
51,1.0,část
51,1.0,bar
51,1.0,zelený
51,1.0,čtvrtek
51,1.0,barman
51,1.0,pěkně
51,1.0,starat
51,1.0,všechen
51,1.0,hezky
51,1.0,vysvětlit
51,1.0,doporučit
51,1.0,dát
51,1.0,ochutnat
51,1.0,pivo
51,1.0,dobré
51,1.0,#num#
51,1.0,#num#
51,1.0,hvězda
51,1.0,strhnout
51,1.0,malý
51,1.0,výběr
51,1.0,víno
51,1.0,zajímavý
51,1.0,brambůrek
51,1.0,ocet
51,1.0,dobrý
51,1.0,škvarkový
51,1.0,mazánek
51,1.0,výborný
51,1.0,namíchaný
51,1.0,tatarák
51,1.0,kouřový
51,1.0,whisky
51,1.0,celkově
51,1.0,spokojenost
51,1.0,určitě
51,1.0,přijít
51,1.0,zase
51,1.0,zkouška
51,1.0,nový
51,1.0,whiskáč
51,1.0,prostředí-
51,1.0,pořád
51,1.0,starý
51,1.0,whiskáč
51,1.0,vypíchnout
51,1.0,perfektní
51,1.0,obsluha
51,1.0,zadní
51,1.0,část
51,1.0,bar
51,1.0,zelený
51,1.0,čtvrtek
51,1.0,barman
51,1.0,pěkně
51,1.0,starat
51,1.0,všechen
51,1.0,hezky
51,1.0,vysvětlit
51,1.0,doporučit
51,1.0,dát
51,1.0,ochutnat
51,1.0,pivo
51,1.0,dobré
51,1.0,#num#
51,1.0,#num#
51,1.0,hvězda
51,1.0,strhnout
51,1.0,malý
51,1.0,výběr
51,1.0,víno
51,1.0,zajímavý
51,1.0,brambůrek
51,1.0,ocet
51,1.0,dobrý
51,1.0,škvarkový
51,1.0,mazánek
51,1.0,výborný
51,1.0,namíchaný
51,1.0,tatarák
51,1.0,kouřový
51,1.0,whisky
51,1.0,celkově
51,1.0,spokojenost
51,1.0,určitě
51,1.0,přijít
51,1.0,zase
52,1.0,příjemný
52,1.0,restaurace
52,1.0,autentický
52,1.0,kuchyň
52,1.0,hledat
52,1.0,extra
52,1.0,luxusní
52,1.0,příjemný
52,1.0,cestovatelský
52,1.0,prostředí
52,1.0,čekání
52,1.0,jídlo
52,1.0,moct
52,1.0,zpestřit
52,1.0,čtení
52,1.0,různý
52,1.0,cestopis
52,1.0,obsluha
52,1.0,odpustit
52,1.0,pár
52,1.0,exces
52,1.0,výběr
52,1.0,různý
52,1.0,druh
52,1.0,sypaný
52,1.0,čaj
52,1.0,cizokrajný
52,1.0,nápoj
52,1.0,dát
52,1.0,zelený
52,1.0,čaj
52,1.0,sench
52,1.0,manželka
52,1.0,rozlévaný
52,1.0,jihoafrický
52,1.0,víno
52,1.0,jídlo
52,1.0,zvolit
52,1.0,překrmit
52,1.0,mix
52,1.0,výběr
52,1.0,#num#
52,1.0,druh
52,1.0,předkrm
52,1.0,malý
52,1.0,množství
52,1.0,vybrat
52,1.0,Kibbe
52,1.0,makle
52,1.0,falafet
52,1.0,makdous
52,1.0,warak
52,1.0,inabat
52,1.0,Makl
52,1.0,mírně
52,1.0,suchý
52,1.0,velice
52,1.0,chutný
52,1.0,Falafel
52,1.0,vynikající
52,1.0,Makdous
52,1.0,úplně
52,1.0,zaujmout
52,1.0,chuťový
52,1.0,příjemný
52,1.0,Warak
52,1.0,inab
52,1.0,velice
52,1.0,chutný
52,1.0,hlavní
52,1.0,jídlo
52,1.0,dát
52,1.0,zeleninový
52,1.0,Biriyaň
52,1.0,osobně
52,1.0,jídlo
52,1.0,uvítat
52,1.0,hodně
52,1.0,výrazný
52,1.0,chuť
52,1.0,jídlo
52,1.0,opravdu
52,1.0,chutnat
52,1.0,vyvážený
52,1.0,chuť
52,1.0,skvělý
52,1.0,dochutit
52,1.0,pikantnost
52,1.0,manželka
52,1.0,dát
52,1.0,kebab
52,1.0,Shisha
52,1.0,taouka
52,1.0,kuřecí
52,1.0,kebab
52,1.0,trocha
52,1.0,přismahnutý
52,1.0,kousek
52,1.0,lehko
52,1.0,chutnat
52,1.0,spáleně
52,1.0,dip
52,1.0,dát
52,1.0,Tarator
52,1.0,kombinace
52,1.0,chuť
52,1.0,vyvážený
52,1.0,mít
53,1.0,Kozlovna
53,1.0,Malchr
53,1.0,vykolíkovat
53,1.0,ohradník
53,1.0,katastr
53,1.0,městský
53,1.0,část
53,1.0,Brno-Židenice
53,1.0,dělnický
53,1.0,dům
53,1.0,podpora
53,1.0,pivovar
53,1.0,velkopopovický
53,1.0,Kozel
53,1.0,patrný
53,1.0,pouze
53,1.0,čep
53,1.0,celý
53,1.0,interiér
53,1.0,podnik
53,1.0,spadat
53,1.0,kategorie
53,1.0,zvaný
53,1.0,koncept
53,1.0,vyznačovat
53,1.0,jednotný
53,1.0,úprava
53,1.0,vnitřní
53,1.0,vybavení
53,1.0,použitý
53,1.0,dekorace
53,1.0,vládce
53,1.0,obrovský
53,1.0,plastika
53,1.0,černý
53,1.0,kozel
53,1.0,piedestal
53,1.0,střední
53,1.0,část
53,1.0,restaurant
53,1.0,shlížet
53,1.0,stolovník
53,1.0,samozřejmost
53,1.0,pivní
53,1.0,tank
53,1.0,vystavená
53,1.0,vchod
53,1.0,podnik
53,1.0,prosvětlený
53,1.0,dřevený
53,1.0,panel
53,1.0,emblém
53,1.0,kozel
53,1.0,všude
53,1.0,úzkostlivě
53,1.0,čisto
53,1.0,kov
53,1.0,vyleštit
53,1.0,oslepující
53,1.0,lesk
53,1.0,podlaha
53,1.0,dát
53,1.0,jíst
53,1.0,přitom
53,1.0,působit
53,1.0,přirozeně
53,1.0,člověk
53,1.0,cítit
53,1.0,útulně
53,1.0,první
53,1.0,chvíle
53,1.0,obsluha
53,1.0,příjemný
53,1.0,všímavý
53,1.0,základní
53,1.0,profesionální
53,1.0,návyk
53,1.0,zvládat
53,1.0,bravura
53,1.0,noblesa
53,1.0,podvečerní
53,1.0,zastavení
53,1.0,volit
53,1.0,řezaný
53,1.0,pivo
53,1.0,pikantní
53,1.0,dršťkový
53,1.0,polévka
53,1.0,dušený
53,1.0,jehněčí
53,1.0,česnek
53,1.0,čerstvý
53,1.0,majoránka
53,1.0,šťouchaný
53,1.0,brambora
53,1.0,pivo
54,1.0,restaurace
54,1.0,mocnář
54,1.0,nacházet
54,1.0,přízemí
54,1.0,jeden
54,1.0,řadový
54,1.0,domek
54,1.0,Brně-Komína
54,1.0,jednat
54,1.0,klasický
54,1.0,malý
54,1.0,hospůdka
54,1.0,domácký
54,1.0,atmosféra
54,1.0,duch
54,1.0,dobrý
54,1.0,tradice
54,1.0,interiér
54,1.0,teplý
54,1.0,oranžový
54,1.0,barva
54,1.0,decentní
54,1.0,výzdoba
54,1.0,masivní
54,1.0,dřevěný
54,1.0,nábytek
54,1.0,příjemný
54,1.0,nárok
54,1.0,vysoký
54,1.0,nadstandard
54,1.0,podnik
54,1.0,hodně
54,1.0,prospět
54,1.0,protikuřácký
54,1.0,zákon
54,1.0,velký
54,1.0,rozměr
54,1.0,podnik
54,1.0,jediný
54,1.0,kuřácký
54,1.0,parta
54,1.0,otrávit
54,1.0,vzduch
54,1.0,celý
54,1.0,restaurant
54,1.0,obsluha
54,1.0,uvolněný
54,1.0,žoviální
54,1.0,přátelský
54,1.0,přes
54,1.0,název
54,1.0,podnik
54,1.0,očekávat
54,1.0,královský
54,1.0,služba
54,1.0,duch
54,1.0,fungovat
54,1.0,výrazný
54,1.0,problém
54,1.0,večer
54,1.0,začínat
54,1.0,čepovaný
54,1.0,#num#
54,1.0,Hauskrecht
54,1.0,bramborový
54,1.0,krém
54,1.0,denní
54,1.0,nabídka
54,1.0,pivo
54,1.0,křen
54,1.0,polévka
54,1.0,hustý
54,1.0,výrazný
54,1.0,lehko
54,1.0,přesolený
54,1.0,hlavní
54,1.0,chod
54,1.0,vybírat
54,1.0,hospodský
54,1.0,klasika
54,1.0,sýrový
54,1.0,trojkombinace
54,1.0,sestávající
54,1.0,smažený
54,1.0,hermelín
54,1.0,eidam
54,1.0,niva
54,1.0,doplněná
54,1.0,americký
54,1.0,brambora
54,1.0,zeleninový
54,1.0,obloha
54,1.0,talíř
54,1.0,vypadat
54,1.0,pěkně
54,1.0,chuťově
54,1.0,všechen
54,1.0,pořádek
54,1.0,vlastně
55,0.0,horsim
55,0.0,fasta
55,0.0,food
55,0.0,jíst
55,0.0,doba
55,0.0,skoncit
55,0.0,dobr
55,0.0,kuchar
55,0.0,jist
55,0.0,kucharka
55,0.0,armenka
55,0.0,ustale
55,0.0,telefon
55,0.0,ruka
55,0.0,potom
55,0.0,jidt
55,0.0,vypadat
55,0.0,treba
55,0.0,sirův
55,0.0,jatro
55,0.0,spalit
55,0.0,ryze
55,0.0,nikdy
55,0.0,zna
55,0.0,rikat
55,0.0,poslednout
55,0.0,doba
55,0.0,hodnout
55,0.0,pohorsilyV
55,0.0,horsima
55,0.0,fast
55,0.0,foodu
55,0.0,jíst
55,0.0,doba
55,0.0,skoncit
55,0.0,dobr
55,0.0,kuchar
55,0.0,jist
55,0.0,kucharka
55,0.0,armenka
55,0.0,ustale
55,0.0,telefon
55,0.0,ruka
55,0.0,potom
55,0.0,jidt
55,0.0,vypadat
55,0.0,treba
55,0.0,sirův
55,0.0,jatro
55,0.0,spalit
55,0.0,ryze
55,0.0,nikdy
55,0.0,zna
55,0.0,rikat
55,0.0,poslednout
55,0.0,doba
55,0.0,hodn
55,0.0,pohorsit
56,1.0,správný
56,1.0,místo
56,1.0,malý
56,1.0,rodinný
56,1.0,podnik
56,1.0,nacházející
56,1.0,přízemí
56,1.0,jeden
56,1.0,činžovní
56,1.0,dům
56,1.0,Brně-Králův
56,1.0,pole
56,1.0,prostorový
56,1.0,dispozice
56,1.0,představovat
56,1.0,dva
56,1.0,samostatný
56,1.0,místnost
56,1.0,oddělený
56,1.0,veřejný
56,1.0,vstupní
56,1.0,koridor
56,1.0,zatímco
56,1.0,místnost
56,1.0,nalevo
56,1.0,fungovat
56,1.0,dětský
56,1.0,salónek
56,1.0,místnost
56,1.0,napravo
56,1.0,mít
56,1.0,status
56,1.0,vlastní
56,1.0,restaurace
56,1.0,počet
56,1.0,místo
56,1.0,každý
56,1.0,přesahovat
56,1.0,číslice
56,1.0,třicet
56,1.0,korespondovat
56,1.0,mnoho
56,1.0,dobře
56,1.0,pojem
56,1.0,komorní
56,1.0,interiér
56,1.0,dva
56,1.0,sekce
56,1.0,vyznačovat
56,1.0,světlý
56,1.0,pastelový
56,1.0,barva
56,1.0,dítě
56,1.0,hrát
56,1.0,prim
56,1.0,zelená
56,1.0,dospělý
56,1.0,převládat
56,1.0,žlutý
56,1.0,dva
56,1.0,doplněk
56,1.0,výrazně
56,1.0,strukturovaný
56,1.0,tapeta
56,1.0,kožený
56,1.0,sedačka
56,1.0,stol
56,1.0,masiv
56,1.0,decentní
56,1.0,výzdoba
56,1.0,dodávat
56,1.0,příjemný
56,1.0,akcent
56,1.0,kontrapunkt
56,1.0,malinko
56,1.0,lacině
56,1.0,vyznívat
56,1.0,podlaha
56,1.0,linoleum
56,1.0,podobně
56,1.0,působit
56,1.0,pidi-bar
56,1.0,vmáčknutý
56,1.0,výklenek
56,1.0,chodba
56,1.0,obsluha
56,1.0,určitě
56,1.0,kdovíjak
56,1.0,luxusní
56,1.0,zázemí
56,1.0,personál
56,1.0,usměvavý
56,1.0,sympatický
56,1.0,díky
56,1.0,uspořádání
56,1.0,restaurant
56,1.0,mít
56,1.0,malinko
56,1.0,problém
56,1.0,bezprostřední
56,1.0,dohled
56,1.0,plac
56,1.0,nicméně
56,1.0,host
56,1.0,vyna
57,0.0,Faust
57,0.0,Burger
57,0.0,Pub
57,0.0,nacházet
57,0.0,suterén
57,0.0,nájemní
57,0.0,dům
57,0.0,coby
57,0.0,kámen
57,0.0,dohodit
57,0.0,botanický
57,0.0,zahrada
57,0.0,přírodovědný
57,0.0,fakulta
57,0.0,dopravní
57,0.0,uzel
57,0.0,Konečného
57,0.0,náměstí
57,0.0,Brno
57,0.0,vstupní
57,0.0,dveře
57,0.0,vítat
57,0.0,host
57,0.0,skromný
57,0.0,místnůstka
57,0.0,rohový
57,0.0,bar
57,0.0,jakýsi
57,0.0,předpeklí
57,0.0,zbytek
57,0.0,restaurant
57,0.0,pokračovat
57,0.0,bludiště
57,0.0,několik
57,0.0,další
57,0.0,místnost
57,0.0,duch
57,0.0,klasický
57,0.0,undergroundový
57,0.0,pubu
57,0.0,prostý
57,0.0,patinovaný
57,0.0,nábytek
57,0.0,prajednoduchý
57,0.0,výzdoba
57,0.0,výjimka
57,0.0,tvořit
57,0.0,jakýsi
57,0.0,luxusní
57,0.0,VIP
57,0.0,salónek
57,0.0,dřevěný
57,0.0,lamelový
57,0.0,podlaha
57,0.0,ratanový
57,0.0,kožený
57,0.0,křeslo
57,0.0,kruhový
57,0.0,stůl
57,0.0,dekorace
57,0.0,Fausta
57,0.0,Coppi
57,0.0,restaurant
57,0.0,zasvěcený
57,0.0,slavný
57,0.0,italský
57,0.0,cyklista
57,0.0,místo
57,0.0,původně
57,0.0,zůstat
57,0.0,zachovat
57,0.0,několik
57,0.0,málo
57,0.0,proprieta
57,0.0,stínítko
57,0.0,lampa
57,0.0,dres
57,0.0,chodba
57,0.0,toaleta
57,0.0,kovaný
57,0.0,model
57,0.0,kolit
57,0.0,obsluha
57,0.0,odpovídat
57,0.0,typ
57,0.0,podnik
57,0.0,hrát
57,0.0,fungovat
57,0.0,rámec
57,0.0,daný
57,0.0,standard
57,0.0,mít
57,0.0,pravda
57,0.0,přinášet
57,0.0,přidaný
57,0.0,hodnota
57,0.0,pravidelně
57,0.0,chodit
58,1.0,restaurace
58,1.0,neznat
58,1.0,poprvé
58,1.0,doporučit
58,1.0,známá
58,1.0,příchod
58,1.0,čekat
58,1.0,miloučký
58,1.0,slečna
58,1.0,usadit
58,1.0,vybraný
58,1.0,místo
58,1.0,potom
58,1.0,přijít
58,1.0,číšník
58,1.0,doporučit
58,1.0,pití
58,1.0,následovat
58,1.0,předkrm
58,1.0,skvělý
58,1.0,dlouho
58,1.0,jíst
58,1.0,skvělý
58,1.0,chuťový
58,1.0,kombinace
58,1.0,další
58,1.0,chod
58,1.0,celerový
58,1.0,krém
58,1.0,portské
58,1.0,lanýž
58,1.0,luxusní
58,1.0,chuť
58,1.0,chod
58,1.0,přítelkyně
58,1.0,začít
58,1.0,debatovat
58,1.0,čekat
58,1.0,daleko
58,1.0,zda
58,1.0,kvalita
58,1.0,brno
58,1.0,vůbec
58,1.0,důstojný
58,1.0,žena
58,1.0,často
58,1.0,cestovat
58,1.0,navštěvovat
58,1.0,rád
58,1.0,skvělý
58,1.0,restaurace
58,1.0,Michelinský
58,1.0,průvodce
58,1.0,dnešní
58,1.0,krém
58,1.0,dle
58,1.0,naprosto
58,1.0,dokonalý
58,1.0,jeseter
58,1.0,kombinace
58,1.0,mango
58,1.0,skvělý
58,1.0,bramborový
58,1.0,nok
58,1.0,opět
58,1.0,super
58,1.0,telecí
58,1.0,maso
58,1.0,připravit
58,1.0,jednička
58,1.0,sladký
58,1.0,dezert
58,1.0,důstojný
58,1.0,tečka
58,1.0,dnešní
58,1.0,večer
58,1.0,požádat
58,1.0,informace
58,1.0,menu
58,1.0,připravit
58,1.0,vštší
58,1.0,překvapení
58,1.0,šéf
58,1.0,přijít
58,1.0,host
58,1.0,znát
58,1.0,televize
58,1.0,myslet
58,1.0,podnik
58,1.0,uslyšet
58,1.0,moc
58,1.0,děkovat
58,1.0,všechen
58,1.0,skv
59,0.0,týkat
59,0.0,pokrm
59,0.0,klasický
59,0.0,čínský
59,0.0,vietnamský
59,0.0,bistro
59,0.0,kdekoliv
59,0.0,jinde
59,0.0,kvalita
59,0.0,jídlo
59,0.0,úplně
59,0.0,dokonalý
59,0.0,najedení
59,0.0,relativně
59,0.0,stačit
59,0.0,dobré
59,0.0,fungovat
59,0.0,obsluha
59,0.0,člověk
59,0.0,cítit
59,0.0,klasický
59,0.0,restaurace
59,0.0,polévka
59,0.0,bambus
59,0.0,houba
59,0.0,průměrný
59,0.0,chuťově
59,0.0,špatná
59,0.0,málo
59,0.0,výrazný
59,0.0,sépie
59,0.0,paprika
59,0.0,rýže
59,0.0,rýže
59,0.0,dobrá
59,0.0,sépie
59,0.0,dle
59,0.0,předpoklad
59,0.0,mražené
59,0.0,mínit
59,0.0,dochucený
59,0.0,manželka
59,0.0,dát
59,0.0,rýžový
59,0.0,nudle
59,0.0,kuřecí
59,0.0,maso
59,0.0,zelenina
59,0.0,ovšem
59,0.0,ovšem
59,0.0,rýžový
59,0.0,nudle
59,0.0,moc
59,0.0,čínský
59,0.0,kuchyň
59,0.0,společný
59,0.0,mít
59,0.0,restaurace
59,0.0,ovšem
59,0.0,určitě
59,0.0,patřit
59,0.0,lepší
59,0.0,Brno
59,0.0,týkat
59,0.0,bistro
59,0.0,bohužel
59,0.0,extra
59,0.0,týkat
59,0.0,pokrm
59,0.0,klasický
59,0.0,čínský
59,0.0,vietnamský
59,0.0,bistro
59,0.0,kdekoliv
59,0.0,jinde
59,0.0,kvalita
59,0.0,jídlo
59,0.0,úplně
59,0.0,dokonalý
59,0.0,najedení
59,0.0,relativně
59,0.0,stačit
59,0.0,dobré
59,0.0,fungovat
59,0.0,obsluha
59,0.0,člověk
59,0.0,cítit
59,0.0,klasický
59,0.0,restaurace
59,0.0,polévka
59,0.0,bambus
59,0.0,houba
59,0.0,průměrný
59,0.0,chuťově
59,0.0,špatná
59,0.0,málo
59,0.0,výrazný
59,0.0,sépie
59,0.0,paprika
59,0.0,rýže
59,0.0,Rýž
60,1.0,Sunset
60,1.0,restaurant
60,1.0,nacházející
60,1.0,vysoký
60,1.0,#num#
60,1.0,patro
60,1.0,budova
60,1.0,IBC
60,1.0,Brno
60,1.0,pyšnit
60,1.0,jeden
60,1.0,působivý
60,1.0,výhled
60,1.0,město
60,1.0,především
60,1.0,léto
60,1.0,provoz
60,1.0,letní
60,1.0,terasa
60,1.0,dýchat
60,1.0,opakovatelný
60,1.0,atmosféra
60,1.0,každopádně
60,1.0,zimní
60,1.0,období
60,1.0,mít
60,1.0,nabídnout
60,1.0,zvláště
60,1.0,střecha
60,1.0,ležet
60,1.0,sníh
60,1.0,jasný
60,1.0,nebe
60,1.0,poslední
60,1.0,návštěva
60,1.0,mnoho
60,1.0,změnit
60,1.0,vzdušný
60,1.0,prostorný
60,1.0,interiér
60,1.0,hrát
60,1.0,nabízet
60,1.0,příjemný
60,1.0,útulný
60,1.0,prostředí
60,1.0,stejná
60,1.0,míra
60,1.0,všední
60,1.0,slavnostní
60,1.0,událost
60,1.0,decentní
60,1.0,hudební
60,1.0,kulisa
60,1.0,vysoce
60,1.0,profesionální
60,1.0,milý
60,1.0,všímavý
60,1.0,personál
60,1.0,přispívat
60,1.0,každý
60,1.0,díl
60,1.0,velmi
60,1.0,dobrý
60,1.0,pocit
60,1.0,restaurant
60,1.0,přicházet
60,1.0,degustační
60,1.0,menu
60,1.0,včetně
60,1.0,snoubený
60,1.0,nápoj
60,1.0,počáteční
60,1.0,nejistota
60,1.0,lehký
60,1.0,zmatek
60,1.0,nabídka
60,1.0,vlastně
60,1.0,aktuální
60,1.0,všechen
60,1.0,rozjíždět
60,1.0,naprostý
60,1.0,spokojenost
60,1.0,servis
60,1.0,fungovat
60,1.0,naprosto
60,1.0,dokonale
60,1.0,cítit
60,1.0,radost
60,1.0,zájem
60,1.0,první
60,1.0,položka
60,1.0,stůl
60,1.0,objevovat
60,1.0,sklenička
60,1.0,lehký
60,1.0,italský
60,1.0,prosecces
60,1.0,Contess
60,1.0,společně
60,1.0,hověz
61,1.0,brněnský
61,1.0,pizzerie
61,1.0,ala
61,1.0,Capon
61,1.0,nacházet
61,1.0,přízemí
61,1.0,obchodně-bytový
61,1.0,komplex
61,1.0,sfinx
61,1.0,ulice
61,1.0,hrnčířský
61,1.0,Brno
61,1.0,interiér
61,1.0,moderní
61,1.0,design
61,1.0,světlý
61,1.0,vzdušný
61,1.0,otevřený
61,1.0,kombinace
61,1.0,šedý
61,1.0,nástěnný
61,1.0,intarzie
61,1.0,světlý
61,1.0,dřevěný
61,1.0,nábytek
61,1.0,černý
61,1.0,křeslo
61,1.0,střízlivý
61,1.0,příjemný
61,1.0,zimní
61,1.0,zahrada
61,1.0,násilně
61,1.0,rozšiřovat
61,1.0,kapacita
61,1.0,restaurant
61,1.0,současně
61,1.0,působit
61,1.0,trocha
61,1.0,výkladní
61,1.0,skříň
61,1.0,podnik
61,1.0,léto
61,1.0,dlaždicový
61,1.0,patio
61,1.0,dispozice
61,1.0,ještě
61,1.0,letní
61,1.0,zahrádka
61,1.0,otevřený
61,1.0,přípravna
61,1.0,pizza
61,1.0,host
61,1.0,moct
61,1.0,sledovat
61,1.0,právě
61,1.0,kousek
61,1.0,připravovat
61,1.0,dnes
61,1.0,podnik
61,1.0,kategorie
61,1.0,běžný
61,1.0,standard
61,1.0,druhý
61,1.0,strana
61,1.0,občas
61,1.0,zdroj
61,1.0,právě
61,1.0,libý
61,1.0,pach
61,1.0,snadno
61,1.0,šířit
61,1.0,prostor
61,1.0,restaurace
61,1.0,ryze
61,1.0,mužský
61,1.0,obsluha
61,1.0,uvolněný
61,1.0,žoviální
61,1.0,servítek
61,1.0,brát
61,1.0,přístup
61,1.0,hrubozrnný
61,1.0,prostonárodní
61,1.0,směs
61,1.0,skrupule
61,1.0,rozpaky
61,1.0,hlasitý
61,1.0,výměna
61,1.0,názor
61,1.0,kuchyň
61,1.0,personál
61,1.0,plac
61,1.0,jakož
61,1.0,kouřový
61,1.0,pauza
61,1.0,dveře
61,1.0,podnik
61,1.0,zřejmě
61,1.0,výrazný
61,1.0,nego
62,1.0,luxusní
62,1.0,tatarák
62,1.0,moct
62,1.0,doporučit
62,1.0,krásný
62,1.0,domácí
62,1.0,atmosféra
62,1.0,luxusní
62,1.0,tatarák
62,1.0,moct
62,1.0,doporučit
62,1.0,krásný
62,1.0,domácí
62,1.0,atmosféra
63,1.0,pivo
63,1.0,krásně
63,1.0,ošetřen
63,1.0,radost
63,1.0,vracet
63,1.0,pivo
63,1.0,krásně
63,1.0,ošetřen
63,1.0,radost
63,1.0,vracet
64,1.0,velice
64,1.0,příjemný
64,1.0,posezení
64,1.0,milý
64,1.0,obsluha
64,1.0,mírný
64,1.0,pochybení
64,1.0,proběhnout
64,1.0,nalévání
64,1.0,voda
64,1.0,kolega
64,1.0,obsluha
64,1.0,překvapit
64,1.0,záda
64,1.0,čekat
64,1.0,mírně
64,1.0,jíst
64,1.0,drcnout
64,1.0,ruka
64,1.0,část
64,1.0,voda
64,1.0,vylít
64,1.0,stůl
64,1.0,obsluha
64,1.0,konec
64,1.0,degustace
64,1.0,dělat
64,1.0,jídlo
64,1.0,opravdu
64,1.0,výtečný
64,1.0,polévka
64,1.0,všechen
64,1.0,skvěle
64,1.0,dochucený
64,1.0,předkrm
64,1.0,hovězí
64,1.0,carpaccio
64,1.0,rag
64,1.0,hřib
64,1.0,květák
64,1.0,úžasný
64,1.0,skvěle
64,1.0,dochucený
64,1.0,pikantní
64,1.0,thajský
64,1.0,polévka
64,1.0,kreveta
64,1.0,hlíva
64,1.0,ústřičný
64,1.0,mírně
64,1.0,zklamat
64,1.0,dle
64,1.0,názor
64,1.0,málo
64,1.0,dochucený
64,1.0,málo
64,1.0,výrazný
64,1.0,losos
64,1.0,teriyakit
64,1.0,rýžový
64,1.0,nudle
64,1.0,Choi
64,1.0,salát
64,1.0,naprosto
64,1.0,úžasný
64,1.0,křupavý
64,1.0,kůže
64,1.0,losos
64,1.0,velice
64,1.0,chutný
64,1.0,svěžit
64,1.0,zauzený
64,1.0,kachní
64,1.0,prso
64,1.0,pražený
64,1.0,kroupa
64,1.0,hřib
64,1.0,delikátní
64,1.0,dokonalý
64,1.0,závěr
64,1.0,dezert
64,1.0,karamelový
64,1.0,panna
64,1.0,cott
64,1.0,butterscotcha
64,1.0,vlašský
64,1.0,ořech
64,1.0,chuťový
64,1.0,skvělý
64,1.0,vyvážený
64,1.0,kombinace
64,1.0,chuť
64,1.0,jíst
64,1.0,lepší
64,1.0,velice
64,1.0,kvalitní
64,1.0,restaurace
64,1.0,ovšem
64,1.0,kvůli
64,1.0,pochybení
64,1.0,obsluha
64,1.0,moct
64,1.0,dát
64,1.0,#num#
64,1.0,velice
64,1.0,příjemný
64,1.0,posezení
64,1.0,milý
64,1.0,obsluha
64,1.0,mírný
64,1.0,pochybení
64,1.0,proběhnout
64,1.0,pře
64,1.0,naléva
65,0.0,večerní
65,0.0,posezení
65,0.0,kamarád
65,0.0,příležitost
65,0.0,narození
65,0.0,potomek
65,0.0,jeden
65,0.0,pivo
65,0.0,vesměs
65,0.0,všechen
65,0.0,pochvalovat
65,0.0,Kozel
65,0.0,několik
65,0.0,způsob
65,0.0,jídlo
65,0.0,žebro
65,0.0,obložený
65,0.0,topinka
65,0.0,škvarkovka
65,0.0,všechen
65,0.0,pořádek
65,0.0,pořádek
65,0.0,obsluha
65,0.0,familiární
65,0.0,oslovení
65,0.0,kluk
65,0.0,každý
65,0.0,objednávka
65,0.0,samozřejmě
65,0.0,vadit
65,0.0,protivný
65,0.0,kdyby
65,0.0,obtěžovat
65,0.0,chování
65,0.0,pan
65,0.0,číšník
65,0.0,ano
65,0.0,každý
65,0.0,nápoj
65,0.0,podstata
65,0.0,hodit
65,0.0,stůl
65,0.0,číšník
65,0.0,několikrát
65,0.0,přivolávat
65,0.0,moct
65,0.0,objednat
65,0.0,kolem
65,0.0,desátá
65,0.0,několikrát
65,0.0,naznačit
65,0.0,pomalu
65,0.0,dopíjet
65,0.0,proč
65,0.0,psát
65,0.0,lístek
65,0.0,jídlo
65,0.0,možný
65,0.0,objednat
65,0.0,#num#
65,0.0,#num#
65,0.0,čtvrt
65,0.0,deset
65,0.0,říct
65,0.0,kuchyně
65,0.0,zavřený
65,0.0,třešnička
65,0.0,dort
65,0.0,dotaz
65,0.0,pan
65,0.0,číšník
65,0.0,placení
65,0.0,karta
65,0.0,chtít
65,0.0,nějak
65,0.0,zaokrouhlit
65,0.0,muset
65,0.0,pousmát
65,0.0,skutečně
65,0.0,odpovědět
65,0.0,nechat
65,0.0,kvůli
65,0.0,obsluha
65,0.0,zkusit
65,0.0,poslat
65,0.0,restaurace
65,0.0,podobný
65,0.0,typ
65,0.0,blíže
65,0.0,centrum
65,0.0,třeba
65,0.0,otevřít
65,0.0,oko
65,0.0,P.S.
65,0.0,žert
66,0.0,restaurant
66,0.0,mazaný
66,0.0,anděl
66,0.0,najít
66,0.0,strategický
66,0.0,pozice
66,0.0,centrum
66,0.0,Brno
66,0.0,šilingrův
66,0.0,náměstí
66,0.0,přízemí
66,0.0,několikapatrový
66,0.0,budova
66,0.0,podnik
66,0.0,prostor
66,0.0,letní
66,0.0,zahrádka
66,0.0,teď
66,0.0,zima
66,0.0,očesaný
66,0.0,nezbytně
66,0.0,nutný
66,0.0,míra
66,0.0,potřeba
66,0.0,kuřák
66,0.0,vnitřní
66,0.0,prostora
66,0.0,tvořit
66,0.0,jeden
66,0.0,podlouhlý
66,0.0,místnost
66,0.0,galerie
66,0.0,salónek
66,0.0,snížený
66,0.0,mezipatro
66,0.0,přičemž
66,0.0,galerie
66,0.0,otevírat
66,0.0,zaplněný
66,0.0,hlavní
66,0.0,prostora
66,0.0,barevně
66,0.0,saze
66,0.0,sytý
66,0.0,červená
66,0.0,doplněná
66,0.0,žlutý
66,0.0,reminiscence
66,0.0,salónek
66,0.0,vítězit
66,0.0,pastelově
66,0.0,zelená
66,0.0,dominantní
66,0.0,prvek
66,0.0,výzdoba
66,0.0,strop
66,0.0,zavěšený
66,0.0,anděl
66,0.0,jehož
66,0.0,motiv
66,0.0,různě
66,0.0,použít
66,0.0,stěna
66,0.0,jinde
66,0.0,osvětlení
66,0.0,tlumený
66,0.0,ponurý
66,0.0,korespondovat
66,0.0,celkový
66,0.0,atmosféra
66,0.0,podnik
66,0.0,charakteristický
66,0.0,vlastnost
66,0.0,obsluha
66,0.0,diskrétnost
66,0.0,první
66,0.0,chvíle
66,0.0,přesvědčit
66,0.0,personál
66,0.0,restaurace
66,0.0,odvolat
66,0.0,plnění
66,0.0,strategický
66,0.0,úkol
66,0.0,národní
66,0.0,bezpečnost
66,0.0,přítomnost
66,0.0,plac
66,0.0,moct
66,0.0,běžný
66,0.0,návštěvník
66,0.0,opravdu
66,0.0,snadno
66,0.0,přehlédnout
66,0.0,duchovitý
66,0.0,éterický
66,0.0,zdát
66,0.0,nicméně
67,1.0,vstup
67,1.0,klasický
67,1.0,hospoda
67,1.0,štamgast
67,1.0,velice
67,1.0,příjemně
67,1.0,ovšem
67,1.0,překvapit
67,1.0,obsluha
67,1.0,milá
67,1.0,pohotový
67,1.0,čep
67,1.0,tankový
67,1.0,Plzeň
67,1.0,velice
67,1.0,chutnat
67,1.0,skvěle
67,1.0,natočený
67,1.0,mírný
67,1.0,pochybení
67,1.0,vidět
67,1.0,nabídka
67,1.0,mít
67,1.0,druh
67,1.0,ochucený
67,1.0,pivo
67,1.0,skutečnost
67,1.0,vůbec
67,1.0,mít
67,1.0,ovšem
67,1.0,nabídnout
67,1.0,náhrada
67,1.0,zase
67,1.0,mít
67,1.0,lístek
67,1.0,pití
67,1.0,objednat
67,1.0,nakládaný
67,1.0,hermelín
67,1.0,cibulový
67,1.0,kroužek
67,1.0,hermelín
67,1.0,hodnotit
67,1.0,kladně
67,1.0,dobrý
67,1.0,průměr
67,1.0,cibulový
67,1.0,kroužek
67,1.0,chuťově
67,1.0,moc
67,1.0,málo
67,1.0,dochucený
67,1.0,velice
67,1.0,pozitivně
67,1.0,ovšem
67,1.0,hodnotit
67,1.0,předchystaný
67,1.0,dělaný
67,1.0,restaurace
67,1.0,chtít
67,1.0,jít
67,1.0,kamarád
67,1.0,posedět
67,1.0,klidně
67,1.0,ovšem
67,1.0,poklidný
67,1.0,večeře
67,1.0,přítelkyně
67,1.0,samozřejmě
67,1.0,vstup
67,1.0,klasický
67,1.0,hospoda
67,1.0,štamgast
67,1.0,velice
67,1.0,příjemně
67,1.0,ovšem
67,1.0,překvapit
67,1.0,obsluha
67,1.0,milá
67,1.0,pohotový
67,1.0,čep
67,1.0,tankový
67,1.0,Plzeň
67,1.0,velice
67,1.0,chutnat
67,1.0,skvěle
67,1.0,natočený
67,1.0,mírný
67,1.0,pochybení
67,1.0,vidět
67,1.0,nabídka
67,1.0,mít
67,1.0,druh
67,1.0,ochucený
67,1.0,pivo
67,1.0,skutečnost
67,1.0,vůbec
67,1.0,mít
67,1.0,ovšem
67,1.0,nabídnout
67,1.0,náhrada
67,1.0,zase
67,1.0,mít
68,0.0,restaurace
68,0.0,hotel
68,0.0,Continental
68,0.0,centrum
68,0.0,Brno
68,0.0,sdílet
68,0.0,prostor
68,0.0,společně
68,0.0,denní
68,0.0,kavárna
68,0.0,přičemž
68,0.0,oddělení
68,0.0,starat
68,0.0,polovysoký
68,0.0,zídka
68,0.0,jestliže
68,0.0,kavárna
68,0.0,ladit
68,0.0,ponurý
68,0.0,temně
68,0.0,modrý
68,0.0,barva
68,0.0,vlastní
68,0.0,restaurace
68,0.0,odívat
68,0.0,pastelově
68,0.0,zelený
68,0.0,žlutý
68,0.0,barva
68,0.0,díky
68,0.0,působit
68,0.0,daleko
68,0.0,vzdušně
68,0.0,otevřeně
68,0.0,host
68,0.0,vítat
68,0.0,plný
68,0.0,založení
68,0.0,stol
68,0.0,přispívat
68,0.0,očekávání
68,0.0,nadstandardní
68,0.0,služba
68,0.0,výzdoba
68,0.0,starat
68,0.0,moderní
68,0.0,obraz
68,0.0,skleněný
68,0.0,umělecký
68,0.0,artefakt
68,0.0,léto
68,0.0,bývat
68,0.0,otevřít
68,0.0,průchod
68,0.0,patium
68,0.0,bazének
68,0.0,možný
68,0.0,užít
68,0.0,posezení
68,0.0,otevřený
68,0.0,obloha
68,0.0,doba
68,0.0,návštěva
68,0.0,probíhat
68,0.0,hotel
68,0.0,rekonstrukce
68,0.0,pokoj
68,0.0,vstupní
68,0.0,hala
68,0.0,malinko
68,0.0,podepisovat
68,0.0,atmosféra
68,0.0,restaurace
68,0.0,hotelový
68,0.0,hala
68,0.0,nijak
68,0.0,oddělit
68,0.0,personál
68,0.0,pozorný
68,0.0,diskrétní
68,0.0,vysoce
68,0.0,profesionální
68,0.0,vzhledem
68,0.0,prázdný
68,0.0,podnik
68,0.0,starat
68,0.0,péče
68,0.0,mnoho
68,0.0,příkladný
68,0.0,vstupní
68,0.0,položka
68,0.0,degustace
68,0.0,volit
68,0.0,bílý
68,0.0,chilský
68,0.0,víno
68,0.0,Tarapaca
68,0.0,Gran
68,0.0,reserva
68,0.0,Chardonnaa
68,0.0,ročník
68,0.0,#num#
68,0.0,doplněná
68,0.0,minerální
68,0.0,voda
69,1.0,restaurace
69,1.0,držet
69,1.0,standard
69,1.0,kvalita
69,1.0,jídlo
69,1.0,mírně
69,1.0,nadprůměrný
69,1.0,cena
69,1.0,dosti
69,1.0,vysoký
69,1.0,kvalita
69,1.0,italský
69,1.0,rizoto
69,1.0,eidam
69,1.0,lístek
69,1.0,opravdu
69,1.0,hodit
69,1.0,chuťově
69,1.0,jídlo
69,1.0,ovšem
69,1.0,dobrý
69,1.0,hovězí
69,1.0,vývar
69,1.0,plný
69,1.0,maso
69,1.0,opravdu
69,1.0,vynikající
69,1.0,chuť
69,1.0,Gnocchi
69,1.0,špenát
69,1.0,příjemný
69,1.0,špagety
69,1.0,pomodora
69,1.0,chuť
69,1.0,málo
69,1.0,výrazný
69,1.0,dobrý
69,1.0,dva
69,1.0,těstovina
69,1.0,ubrat
69,1.0,parmazán
69,1.0,jídlo
69,1.0,chutný
69,1.0,výrazný
69,1.0,chuť
69,1.0,sýr
69,1.0,mírně
69,1.0,přebíjet
69,1.0,celkový
69,1.0,chuť
69,1.0,jídlo
69,1.0,velice
69,1.0,příjemný
69,1.0,obsluha
69,1.0,nadále
69,1.0,platit
69,1.0,chtít
69,1.0,fast
69,1.0,food
69,1.0,restaurace
69,1.0,vhodný
69,1.0,volba
69,1.0,restaurace
69,1.0,držet
69,1.0,standard
69,1.0,kvalita
69,1.0,jídlo
69,1.0,mírně
69,1.0,nadprůměrný
69,1.0,cena
69,1.0,dosti
69,1.0,vysoký
69,1.0,kvalita
69,1.0,italský
69,1.0,rizoto
69,1.0,eidam
69,1.0,lístek
69,1.0,opravdu
69,1.0,hodit
69,1.0,chuťově
69,1.0,jídlo
69,1.0,ovšem
69,1.0,dobrý
69,1.0,hovězí
69,1.0,vývar
69,1.0,plný
69,1.0,maso
69,1.0,opravdu
69,1.0,vynikající
69,1.0,chuť
69,1.0,Gnocchi
69,1.0,špenát
69,1.0,příjemný
69,1.0,špagety
69,1.0,pomodora
69,1.0,chuť
69,1.0,málo
69,1.0,výrazný
69,1.0,dobrý
69,1.0,dva
69,1.0,těstovina
69,1.0,ubrat
69,1.0,parmazán
69,1.0,jídlo
69,1.0,chutný
69,1.0,výrazný
69,1.0,chuť
69,1.0,sýr
70,0.0,novoroční
70,0.0,sváteční
70,0.0,oběd
70,0.0,bohunický
70,0.0,jeden
70,0.0,báseň
70,0.0,odvíjet
70,0.0,duch
70,0.0,příjemný
70,0.0,uvolněný
70,0.0,atmosféra
70,0.0,přesto
70,0.0,podnik
70,0.0,poměrně
70,0.0,slušně
70,0.0,zaplnit
70,0.0,obsluha
70,0.0,stíhat
70,0.0,veliký
70,0.0,problém
70,0.0,dokázat
70,0.0,přidat
70,0.0,milý
70,0.0,úsměv
70,0.0,kohoutkový
70,0.0,voda
70,0.0,nabízet
70,0.0,ptaní
70,0.0,otálení
70,0.0,přijet
70,0.0,auto
70,0.0,pití
70,0.0,vybírat
70,0.0,domácí
70,0.0,bezový
70,0.0,limonáda
70,0.0,máta
70,0.0,citron
70,0.0,vlastní
70,0.0,oběd
70,0.0,zahajovat
70,0.0,dýňový
70,0.0,krém
70,0.0,kokosový
70,0.0,mléko
70,0.0,ovoněný
70,0.0,zázvor
70,0.0,skořice
70,0.0,posypaný
70,0.0,pražený
70,0.0,dýňový
70,0.0,semínko
70,0.0,výborný
70,0.0,kokosový
70,0.0,mléko
70,0.0,dodávat
70,0.0,polévka
70,0.0,hebkost
70,0.0,sametovost
70,0.0,zázvor
70,0.0,skořice
70,0.0,vůně
70,0.0,dýňový
70,0.0,semínko
70,0.0,celý
70,0.0,chuťový
70,0.0,vjem
70,0.0,rámovat
70,0.0,hrubozrnnost
70,0.0,krásný
70,0.0,okamžik
70,0.0,hlavní
70,0.0,chod
70,0.0,mít
70,0.0,podoba
70,0.0,vepřový
70,0.0,panenka
70,0.0,omáčka
70,0.0,pravý
70,0.0,hřib
70,0.0,dochucený
70,0.0,tymián
70,0.0,příloha
70,0.0,šťouchaný
70,0.0,brambora
70,0.0,restovaný
70,0.0,slanina
70,0.0,cibulka
70,0.0,prajednoduchý
70,0.0,vkusný
70,0.0,úprava
70,0.0,velký
70,0.0,čarování
70,0.0,nechávat
70,0.0,prostor
70,0.0,ostatní
70,0.0,zážitek
70,0.0,koneckonců
70,0.0,držet
70,0.0,podobný
70,0.0,filozofie
70,0.0,vůně
70,0.0,samotný
70,0.0,chuť
70,0.0,umírněný
70,0.0,civilní
70,0.0,delikátní
70,0.0,přitom
70,0.0,člově
71,-1.0,Tatarák
71,-1.0,namíchaný
71,-1.0,chuť
71,-1.0,žebro
71,-1.0,česnekový
71,-1.0,pikant
71,-1.0,moc
71,-1.0,upečený
71,-1.0,pivo
71,-1.0,standarta
71,-1.0,číšník
71,-1.0,plac
71,-1.0,stíhat
71,-1.0,všechen
71,-1.0,problém
71,-1.0,hodit
71,-1.0,rezervačka
71,-1.0,vzdálený
71,-1.0,místo
71,-1.0,divit
71,-1.0,udělat
71,-1.0,vpříst
71,-1.0,prázdno
71,-1.0,dát
71,-1.0,#num#
71,-1.0,hvězda
71,-1.0,Tatarák
71,-1.0,namíchaný
71,-1.0,chuť
71,-1.0,žebro
71,-1.0,česnekový
71,-1.0,pikant
71,-1.0,moc
71,-1.0,upečený
71,-1.0,pivo
71,-1.0,standarta
71,-1.0,číšník
71,-1.0,plac
71,-1.0,stíhat
71,-1.0,všechen
71,-1.0,problém
71,-1.0,hodit
71,-1.0,rezervačka
71,-1.0,vzdálený
71,-1.0,místo
71,-1.0,divit
71,-1.0,udělat
71,-1.0,vpříst
71,-1.0,prázdno
71,-1.0,dát
71,-1.0,#num#
71,-1.0,hvězda
72,1.0,prostředí
72,1.0,příjemný
72,1.0,velmi
72,1.0,malý
72,1.0,trošku
72,1.0,pomalý
72,1.0,obsluha
72,1.0,snažit
72,1.0,polévka
72,1.0,menu
72,1.0,slepičí
72,1.0,vývar
72,1.0,chutný
72,1.0,nabídka
72,1.0,denní
72,1.0,menu
72,1.0,padnout
72,1.0,Tha
72,1.0,dobré
72,1.0,chutný
72,1.0,myslet
72,1.0,moct
72,1.0,mnoho
72,1.0,tofu
72,1.0,maso
72,1.0,objednat
72,1.0,polévka
72,1.0,Tom
72,1.0,Yam
72,1.0,Kung
72,1.0,vynikající
72,1.0,pikantní
72,1.0,opravdu
72,1.0,dobrý
72,1.0,hlavní
72,1.0,jídlo
72,1.0,padnout
72,1.0,Tha
72,1.0,mix
72,1.0,mix
72,1.0,rýžový
72,1.0,vaječný
72,1.0,nudle
72,1.0,velice
72,1.0,dobře
72,1.0,dochucený
72,1.0,každý
72,1.0,jídlo
72,1.0,pár
72,1.0,drobný
72,1.0,nedostatek
72,1.0,celkový
72,1.0,dojem
72,1.0,příjemný
72,1.0,dezert
72,1.0,smažený
72,1.0,banán
72,1.0,urazit
72,1.0,nadchnout
72,1.0,prostředí
72,1.0,příjemný
72,1.0,velmi
72,1.0,malý
72,1.0,trošku
72,1.0,pomalý
72,1.0,obsluha
72,1.0,snažit
72,1.0,polévka
72,1.0,menu
72,1.0,slepičí
72,1.0,vývar
72,1.0,chutný
72,1.0,nabídka
72,1.0,denní
72,1.0,menu
72,1.0,padnout
72,1.0,Tha
72,1.0,dobré
72,1.0,chutný
72,1.0,myslet
72,1.0,moct
72,1.0,mnoho
72,1.0,tofu
72,1.0,maso
72,1.0,objednat
72,1.0,polévka
72,1.0,Tom
72,1.0,Yam
72,1.0,Kung
72,1.0,vynikající
72,1.0,pikantní
72,1.0,opravdu
72,1.0,dobrý
72,1.0,hlavní
72,1.0,jídlo
72,1.0,padnout
72,1.0,Tha
72,1.0,mix
72,1.0,mix
72,1.0,rýžový
72,1.0,vaječný
72,1.0,nudle
72,1.0,velice
72,1.0,dobře
72,1.0,dochucený
72,1.0,každý
72,1.0,jídlo
72,1.0,pár
72,1.0,drobný
72,1.0,nedostatek
72,1.0,celkový
72,1.0,dojem
72,1.0,příjemný
72,1.0,dezert
73,0.0,Vivoben
73,0.0,Gusta
73,0.0,centrum
73,0.0,Brno
73,0.0,fungovat
73,0.0,současně
73,0.0,restaurace
73,0.0,kavárna
73,0.0,bistro
73,0.0,shop
73,0.0,exkluzivní
73,0.0,delikatesa
73,0.0,jestliže
73,0.0,vyvýšený
73,0.0,přízemí
73,0.0,prezentovat
73,0.0,kavárna
73,0.0,suterén
73,0.0,fungovat
73,0.0,vlastní
73,0.0,restaurace
73,0.0,přístup
73,0.0,úzký
73,0.0,točitý
73,0.0,schod
73,0.0,místnost
73,0.0,prima
73,0.0,hrát
73,0.0,regál
73,0.0,vybraný
73,0.0,lahůdka
73,0.0,dole
73,0.0,prostor
73,0.0,rozčlenit
73,0.0,několik
73,0.0,sekce
73,0.0,případ
73,0.0,potřeba
73,0.0,moct
73,0.0,fungovat
73,0.0,samostatný
73,0.0,separovaný
73,0.0,salónky
73,0.0,stěn
73,0.0,omítnutý
73,0.0,cihla
73,0.0,osvětlený
73,0.0,výklenek
73,0.0,dávat
73,0.0,vzpomenout
73,0.0,historický
73,0.0,vinný
73,0.0,sklep
73,0.0,Moderna
73,0.0,přinášet
73,0.0,luxorové
73,0.0,podlaha
73,0.0,designový
73,0.0,židle
73,0.0,umělecký
73,0.0,obraz
73,0.0,malovaný
73,0.0,autistický
73,0.0,umělec
73,0.0,trochu
73,0.0,ladně
73,0.0,působit
73,0.0,odkladiště
73,0.0,karton
73,0.0,kout
73,0.0,schod
73,0.0,terno
73,0.0,využívaný
73,0.0,barový
73,0.0,zázemí
73,0.0,prázdný
73,0.0,místnost
73,0.0,personál
73,0.0,zastávat
73,0.0,funkce
73,0.0,prodavač
73,0.0,nahoře
73,0.0,obchod
73,0.0,obsluha
73,0.0,restaurace
73,0.0,příjemný
73,0.0,přátelský
73,0.0,působit
73,0.0,uvolněně
73,0.0,vtíravě
73,0.0,zvládat
73,0.0,dva
73,0.0,funkce
73,0.0,veliký
73,0.0,potíž
73,0.0,aniž
73,0.0,mít
73,0.0,člověk
73,0.0,pocit
73,0.0,nedostat
74,1.0,restaurace
74,1.0,královský
74,1.0,cesta
74,1.0,součást
74,1.0,stejnojmenný
74,1.0,penzion
74,1.0,brněnský
74,1.0,městský
74,1.0,část
74,1.0,Králův
74,1.0,pole
74,1.0,dispozičně
74,1.0,zabírat
74,1.0,jeden
74,1.0,přízemní
74,1.0,místnost
74,1.0,rozdělená
74,1.0,polovice
74,1.0,mohutný
74,1.0,obdélníkový
74,1.0,sloup
74,1.0,květinový
74,1.0,přepážka
74,1.0,samotný
74,1.0,prostor
74,1.0,veliký
74,1.0,chvíle
74,1.0,program
74,1.0,den
74,1.0,příchod
74,1.0,velký
74,1.0,skupina
74,1.0,samozřejmě
74,1.0,uzpůsobit
74,1.0,stolový
74,1.0,úprava
74,1.0,ostatní
74,1.0,host
74,1.0,mnoho
74,1.0,místo
74,1.0,zbývat
74,1.0,celý
74,1.0,interiér
74,1.0,ladit
74,1.0,teplý
74,1.0,hnědo-žlutý
74,1.0,tón
74,1.0,společně
74,1.0,tmavý
74,1.0,nábytek
74,1.0,výrazně
74,1.0,tlumený
74,1.0,osvětlení
74,1.0,dávat
74,1.0,pocit
74,1.0,útulný
74,1.0,intimita
74,1.0,milostný
74,1.0,dostaveníčko
74,1.0,značka
74,1.0,ideál
74,1.0,všechen
74,1.0,ostatní
74,1.0,případ
74,1.0,trochu
74,1.0,hodně
74,1.0,světelný
74,1.0,zdroj
74,1.0,uškodit
74,1.0,obsluha
74,1.0,příjemný
74,1.0,vtíravý
74,1.0,profesionálně
74,1.0,velmi
74,1.0,zdatný
74,1.0,servis
74,1.0,přátelský
74,1.0,noblesní
74,1.0,současně
74,1.0,úsměv
74,1.0,jít
74,1.0,daleko
74,1.0,pohyb
74,1.0,plac
74,1.0,doslova
74,1.0,ukázkový
74,1.0,člověk
74,1.0,normální
74,1.0,okolnost
74,1.0,snad
74,1.0,všimnout
74,1.0,přitom
74,1.0,kdykoli
74,1.0,potřebovat
74,1.0,okamžitě
74,1.0,místo
74,1.0,připravit
74,1.0,posloužit
74,1.0,první
75,1.0,naprosto
75,1.0,skvělý
75,1.0,všechen
75,1.0,směr
75,1.0,příjemný
75,1.0,prostředí
75,1.0,rychlý
75,1.0,obsluha
75,1.0,přes
75,1.0,plný
75,1.0,restaurace
75,1.0,mírně
75,1.0,chaotický
75,1.0,jídelní
75,1.0,lístek
75,1.0,dát
75,1.0,rychle
75,1.0,zvyknout
75,1.0,předkrm
75,1.0,paprička
75,1.0,jalapenosa
75,1.0,plněný
75,1.0,sýr
75,1.0,delikatesní
75,1.0,kolegyně
75,1.0,dát
75,1.0,cibulový
75,1.0,kroužek
75,1.0,výborná
75,1.0,krémový
75,1.0,česnekový
75,1.0,polévka
75,1.0,chuťově
75,1.0,dobrý
75,1.0,ovšem
75,1.0,moc
75,1.0,cítit
75,1.0,česnek
75,1.0,hlavní
75,1.0,jídlo
75,1.0,steak
75,1.0,hovězí
75,1.0,svíčková
75,1.0,Pancetta
75,1.0,steak
75,1.0,zabalený
75,1.0,pancetit
75,1.0,požadovaný
75,1.0,propečení
75,1.0,medium
75,1.0,rarat
75,1.0,přesně
75,1.0,jeje
75,1.0,přinést
75,1.0,stůl
75,1.0,chuťově
75,1.0,velmi
75,1.0,dobře
75,1.0,všechen
75,1.0,dochucený
75,1.0,ostatní
75,1.0,stol
75,1.0,steak
75,1.0,velmi
75,1.0,pochvalovat
75,1.0,jediný
75,1.0,výtka
75,1.0,pepřový
75,1.0,omáčka
75,1.0,spíše
75,1.0,hořčičný
75,1.0,pepř
75,1.0,cítit
75,1.0,pouze
75,1.0,hodně
75,1.0,hořčice
75,1.0,dezert
75,1.0,cremat
75,1.0,brulee
75,1.0,chuťově
75,1.0,úžasný
75,1.0,zvykle
75,1.0,obsahovat
75,1.0,malina
75,1.0,výborný
75,1.0,chuť
75,1.0,měnit
75,1.0,doporučovat
75,1.0,naprosto
75,1.0,skvělý
75,1.0,všechen
75,1.0,směr
75,1.0,příjemný
75,1.0,prostředí
75,1.0,rychlý
75,1.0,obsluha
75,1.0,přes
75,1.0,plný
75,1.0,restaurace
75,1.0,mírně
75,1.0,chaotický
75,1.0,jídelní
75,1.0,lístek
75,1.0,dát
75,1.0,rychle
75,1.0,zvyknout
75,1.0,předkrm
75,1.0,paprička
75,1.0,jalapenosa
75,1.0,plněný
