-1,('obsluha'# 7),jídlo,('potom'# 2)
-1,('jedno'# 4),jídlo,('přinesli'# 2)
-1,('moje'# 3),jídlo,('vypadalo'# 1)
-1,('hlavní'# 2),jídlo,('vyměnit'# 1)
-1,('restauraci'# 2),jídlo,('čekalo#'# 1)
-1,('vysoce'# 2),jídlo,('připravovalo'# 1)
-1,('čekání'# 2),jídlo,('bohužel'# 1)
-1,('pouze'# 2),jídlo,('stylem'# 1)
-1,('celkově'# 2),jídlo,('špatné#'# 1)
-1,('druhé'# 2),jídlo,('dovykládat'# 1)
-1,('říct#'# 2),jídlo,('nezajímavé#'# 1)
-1,('zážitek#'# 2),jídlo,('nejdříve'# 1)
-1,('předražené'# 2),jídlo,('neslané#'# 1)
-1,('neuvěřitelně'# 1),jídlo,('nedobré'# 1)
-1,('zakouřeno#'# 1),jídlo,('dost'# 1)
-1,('kteří'# 1),jídlo,('žádná'# 1)
-1,('odběhla'# 1),jídlo,('ucházející#'# 1)
-1,('zklamán'# 1),jídlo,('samotné'# 1)
-1,('hrozné.'# 1),jídlo,('nepřinesli'# 1)
-1,('nedala..'# 1),jídlo,('proplácelo#'# 1)
-1,('hodinu'# 1),jídlo,('čekali'# 1)
-1,('poprosili'# 1),jídlo,('hodné'# 1)
-1,('obdrželi'# 1),jídlo,('nese'# 1)
-1,('další'# 1),jídlo,('nedodělané-sirové!návštěva'# 1)
-1,('oknu.'# 1),jídlo,('podprůměrné#'# 1)
-1,('donesli'# 1),jídlo,('stálo'# 1)
-1,('restaurace'# 1),jídlo,('vrátíl'# 1)
-1,('vzít'# 1),jídlo,('otřesné#'# 1)
-1,('hodiny#'# 1),jídlo,('žebra#'# 1)
-1,('tvářící...'# 1),jídlo,('malej'# 1)
-1,('milá.'# 1),jídlo,('výborné'# 1)
-1,('každý'# 1),jídlo,('spaghetti'# 1)
-1,('poznatky:-'# 1),jídlo,('průměrné#'# 1)
-1,('jídlo#'# 1),jídlo,('(při'# 1)
-1,('nicméně'# 1),jídlo,('nosí'# 1)
-1,('většinou'# 1),jídlo,('podprůměrné'# 1)
-1,('vždy'# 1),jídlo,('navíc'# 1)
-1,('menu'# 1),jídlo,('spíše'# 1)
-1,('velkým'# 1),jídlo,('více'# 1)
-1,('potenciálem#'# 1),jídlo,('velmi'# 1)
-1,('čtvrt'# 1),jídlo,('nemá'# 1)
-1,('popsat'# 1),jídlo,('nemastné'# 1)
-1,('rozhodně'# 1),jídlo,('super#'# 1)
-1,('piva'# 1),jídlo,('samo'# 1)
-1,('tohle'# 1),jídlo,('přesolené#'# 1)
-1,('arogantný#'# 1),jídlo,('jednu'# 1)
1,('hlavní'# 65),jídlo,('výborné#'# 10)
1,('dobré'# 28),jídlo,('vynikající'# 8)
1,('velmi'# 18),jídlo,('dobré#'# 7)
1,('obsluha'# 18),jídlo,('velmi'# 7)
1,('výborné'# 15),jídlo,('výborné'# 6)
1,('obsluha#'# 14),jídlo,('vynikající#'# 6)
1,('chutné'# 14),jídlo,('chutné#'# 6)
1,('příjemná'# 12),jídlo,('skvělé#'# 5)
1,('vynikající'# 8),jídlo,('rozhodně'# 4)
1,('skvělé'# 8),jídlo,('krásně'# 4)
1,('festivalu'# 7),jídlo,('vždy'# 3)
1,('druhé'# 6),jídlo,('nezklamalo'# 3)
1,('rámci'# 6),jídlo,('výborně'# 3)
1,('příjemná#'# 6),jídlo,('stojí'# 3)
1,('naprosto'# 6),jídlo,('připravené'# 3)
1,('tohle'# 5),jídlo,('samotné'# 3)
1,('dobře'# 5),jídlo,('dobré'# 3)
1,('jedno'# 5),jídlo,('nemá'# 3)
1,('čekání'# 4),jídlo,('nemělo'# 3)
1,('nicméně'# 4),jídlo,('skvěle'# 3)
1,('pití'# 4),jídlo,('steak'# 2)
1,('velice'# 4),jídlo,('velice'# 2)
1,('milá#'# 4),jídlo,('super'# 2)
1,('vždy'# 4),jídlo,('lepší'# 2)
1,('říct#'# 4),jídlo,('předčilo'# 2)
1,('hodnotit'# 4),jídlo,('včetně'# 2)
1,('většinou'# 4),jídlo,('vypadalo'# 2)
1,('další'# 4),jídlo,('formou'# 2)
1,('ochotná'# 4),jídlo,('zatím'# 2)
1,('ovšem'# 3),jídlo,('průměrné#'# 2)
1,('trochu'# 3),jídlo,('hodnotit'# 2)
1,('doporučit.'# 3),jídlo,('čekali'# 2)
1,('příjemné#'# 3),jídlo,('dostanete'# 2)
1,('prostředí'# 3),jídlo,('připravováno'# 2)
1,('hlavně'# 3),jídlo,('chuťově'# 2)
1,('celkově'# 3),jídlo,('chicken'# 2)
1,('připravené'# 3),jídlo,('nadprůměrně'# 2)
1,('příjemná.'# 3),jídlo,('bývá'# 2)
1,('restauraci'# 3),jídlo,('perfektní#'# 2)
1,('moje'# 3),jídlo,('poměrně'# 2)
1,('příjemné'# 3),jídlo,('výtečné#'# 2)
1,('chuťově'# 3),jídlo,('pití'# 2)
1,('prostředí#'# 3),jídlo,('objevovat#'# 1)
1,('restaurace#'# 3),jídlo,('můžete'# 1)
1,('výborné#'# 3),jídlo,('kuřecí'# 1)
1,('objednané'# 3),jídlo,('baví'# 1)
1,('super#'# 3),jídlo,('patří'# 1)
1,('naprostá'# 3),jídlo,('šahám'# 1)
1,('pivo'# 3),jídlo,('rozhlíželi#'# 1)
1,('restaurace'# 3),jídlo,('čerstvé'# 1)
1,('úžasné#'# 2),jídlo,('dělají'# 1)
1,('kuchyně'# 2),jídlo,('zajdeme'# 1)
1,('špatné'# 2),jídlo,('(vepřová'# 1)
1,('plno#'# 2),jídlo,('počínaje'# 1)
1,('vybrali'# 2),jídlo,('trvá'# 1)
1,('vstřícná'# 2),jídlo,('(vyzkoušeli'# 1)
1,('ceny'# 2),jídlo,('dáváme'# 1)
1,('takové'# 2),jídlo,('kančí'# 1)
1,('hospůdka#'# 2),jídlo,('trochu'# 1)
1,('super'# 2),jídlo,('buă„âź'# 1)
1,('špenátem'# 2),jídlo,('solidní'# 1)
1,('křen#'# 2),jídlo,('výborné:'# 1)
1,('profesionální#'# 2),jídlo,('počkat'# 1)
1,('výborné.'# 2),jídlo,('zaplatili'# 1)
1,('vcelku'# 2),jídlo,('salát'# 1)
1,('dlouho'# 2),jídlo,('mnohokrát#'# 1)
1,('pohotová'# 2),jídlo,('množstvím'# 1)
1,('zatím'# 2),jídlo,('hotové'# 1)
1,('mile'# 2),jídlo,('vepřová'# 1)
1,('studené'# 2),jídlo,('(druhý'# 1)
1,('nabídka#'# 2),jídlo,('!!!hodnotím'# 1)
1,('usměvavá.'# 2),jídlo,('snaží'# 1)
1,('každé'# 2),jídlo,(':-)navšťevuji'# 1)
1,('dobrý'# 2),jídlo,('pečené'# 1)
1,('ochotná#'# 2),jídlo,('zeleninový'# 1)
1,('lepší'# 2),jídlo,('vepřoví'# 1)
1,('nemohu'# 2),jídlo,('spolu'# 1)
1,('výborná#'# 2),jídlo,('bohužel'# 1)
1,('stejně'# 2),jídlo,('originální'# 1)
1,('příjemné.'# 2),jídlo,('přivezli'# 1)
1,('dobré#'# 2),jídlo,('nikterak'# 1)
1,('polévku#'# 2),jídlo,(':-)dala'# 1)
1,('perfektní'# 2),jídlo,('(penné'# 1)
1,('lepší.'# 2),jídlo,('též(jako'# 1)
1,('dobrá'# 2),jídlo,('svoji'# 1)
1,('každopádně'# 2),jídlo,('dokáže'# 1)
1,('rozhodně'# 2),jídlo,('zatavené'# 1)
1,('skvělé#'# 2),jídlo,('stálo'# 1)
1,('posezení'# 2),jídlo,('chutná'# 1)
1,('pěkné#'# 2),jídlo,('nejlépe'# 1)
1,('atmosféra'# 2),jídlo,('nevrátila'# 1)
1,('normální'# 2),jídlo,('pokaždé'# 1)
1,('dobrý#'# 2),jídlo,('počkáme'# 1)
1,('určitě'# 2),jídlo,('řekla'# 1)
1,('opět'# 2),jídlo,('perfektní'# 1)
1,('solidní'# 2),jídlo,('opice'# 1)
1,('několikrát'# 2),jídlo,('naservírováno'# 1)
1,('poměrně'# 2),jídlo,('vafle'# 1)
1,('spokojenost#'# 2),jídlo,('fakt'# 1)
1,('kdovíjak'# 1),jídlo,('(byl'# 1)
1,('maximum'# 1),jídlo,('naprostá'# 1)
1,('vychutnal'# 1),jídlo,('steak#'# 1)
1,('radost'# 1),jídlo,('hodnotil'# 1)
1,('kuřecím'# 1),jídlo,('hodně'# 1)
1,('butter'# 1),jídlo,('nechali'# 1)
1,('každý'# 1),jídlo,('účtováno'# 1)
1,('bramborem.'# 1),jídlo,('samozřejmě'# 1)
1,('pozitivní#'# 1),jídlo,('doporučuji'# 1)
1,('čerstvých'# 1),jídlo,('úplně'# 1)
1,('povyšují'# 1),jídlo,('hodnotím'# 1)
1,('nedělala.'# 1),jídlo,('ještě'# 1)
1,('ubral'# 1),jídlo,('spolustolovníka'# 1)
1,('neskrývá'# 1),jídlo,('cena'# 1)
1,('hodil)#'# 1),jídlo,('vařené'# 1)
1,('nebude'# 1),jídlo,('(degustační'# 1)
1,('baví'# 1),jídlo,('zapomněli'# 1)
1,('zahraniční'# 1),jídlo,('celkově'# 1)
1,('stolu'# 1),jídlo,('výborne#'# 1)
1,('průměrně#'# 1),jídlo,('(fal'# 1)
1,('nějakej'# 1),jídlo,('musel'# 1)
1,('super.'# 1),jídlo,('začali'# 1)
1,('krkolomně'# 1),jídlo,('(již'# 1)
1,('nechutná.hlavní'# 1),jídlo,('(popřípadě'# 1)
1,('tomu#'# 1),jídlo,('neurazí#'# 1)
1,('nabídce'# 1),jídlo,('těstovinové'# 1)
1,('vmžiku'# 1),jídlo,('dokonalé'# 1)
1,('mírné#'# 1),jídlo,('tvoří'# 1)
1,('kontakt#'# 1),jídlo,('(hermelín#'# 1)
1,('znechucený'# 1),jídlo,('naprosto'# 1)
1,('sumárum'# 1),jídlo,('protáhlo'# 1)
1,('neodpovídá.'# 1),jídlo,('dost'# 1)
1,('minutách.'# 1),jídlo,('podruhé'# 1)
1,('představí'# 1),jídlo,('pochvaloval#'# 1)
1,('servírované'# 1),jídlo,('hovězí'# 1)
1,('neoslní#'# 1),jídlo,('tentokrát'# 1)
1,('hotovku.'# 1),jídlo,('pravé'# 1)
1,('umí.'# 1),jídlo,('průměr#'# 1)
1,('účet'# 1),jídlo,('(pizza'# 1)
1,('moderní.'# 1),jídlo,('pustili'# 1)
1,('nečekali'# 1),jídlo,('nejprve'# 1)
1,('pochutnali.'# 1),jídlo,('připraví'# 1)
1,('víno#'# 1),jídlo,('uvařeno'# 1)
1,('chutná.'# 1),jídlo,('grilovaná'# 1)
1,('harmonogramu#'# 1),jídlo,('upraveno'# 1)
1,('děkujemevynikající'# 1),jídlo,('vracet#'# 1)
1,('hospoda#'# 1),jídlo,('akorát'# 1)
1,('cibulkou.'# 1),jídlo,('doplňují'# 1)
1,('vrátíme#'# 1),jídlo,('uběhlo'# 1)
1,('jelikož'# 1),jídlo,('mile'# 1)
1,('nepříjemná#'# 1),jídlo,('díky'# 1)
1,('zážitek.'# 1),jídlo,('podprůměrné#'# 1)
1,('vývarem#'# 1),jídlo,('číšník'# 1)
1,('výborná'# 1),jídlo,('steaky'# 1)
1,('malinami.'# 1),jídlo,('(kotleta'# 1)
1,('restauraci.'# 1),jídlo,('ovšem'# 1)
1,('navštívili'# 1),jídlo,('pečeného'# 1)
1,('kvalitně'# 1),jídlo,('těstoviny'# 1)
1,('salsa'# 1),jídlo,('standardní#'# 1)
1,('mladší'# 1),jídlo,('nepřeplácané'# 1)
1,('číšník'# 1),jídlo,('(přímo'# 1)
1,('úsměvem.'# 1),jídlo,('večera)'# 1)
1,('dostal'# 1),jídlo,('adekvátní'# 1)
1,('sobotní'# 1),jídlo,('jedna'# 1)
1,('hodně'# 1),jídlo,('respektující'# 1)
1,('přiměřenou'# 1),jídlo,('vynikajicí'# 1)
1,('prohlíželo.'# 1),jídlo,('dohromady-'# 1)
1,('královsky.'# 1),jídlo,('carpacio#plněné'# 1)
1,('ruce.'# 1),jídlo,('tataráček'# 1)
1,('vysoká'# 1),jídlo,('normální'# 1)
1,('skvělá'# 1),jídlo,('nádherně'# 1)
1,('minut)#'# 1),jídlo,('rádi'# 1)
1,('pořádku#'# 1),jídlo,('(těstoviny#'# 1)
1,('objednal'# 1),jídlo,('nepřinášeli'# 1)
1,('chvilku'# 1),jídlo,('(smažené'# 1)
1,('nikdy'# 1),jídlo,('mého'# 1)
1,('úplně'# 1),jídlo,('(nepřeceňuji'# 1)
1,('můžu.'# 1),jídlo,('nepotřebovalo'# 1)
1,('preferencí'# 1),jídlo,('gnochi'# 1)
1,('fajn'# 1),jídlo,('vychutnáte'# 1)
1,('pomohla'# 1),jídlo,('chutnalo'# 1)
1,('vybrat'# 1),jídlo,('tradičně'# 1)
1,('mísce'# 1),jídlo,('nemají'# 1)
1,('filo'# 1),jídlo,('hotovo'# 1)
1,('našlo.'# 1),jídlo,('chutově'# 1)
1,('unikátní#'# 1),jídlo,('vzala'# 1)
1,('rád#'# 1),jídlo,('také#'# 1)
1,('brně'# 1),jídlo,('risotto'# 1)
1,('pěkná.'# 1),jídlo,('řecký'# 1)
1,('přišli.'# 1),jídlo,('vychutnám!'# 1)
1,('minutky'# 1),jídlo,('vždycky'# 1)
1,('konečně'# 1),jídlo,('taktéž'# 1)
1,('pipsu.'# 1),jídlo,('!!!!!'# 1)
1,('kterékoliv'# 1),jídlo,('nikdy'# 1)
1,('uznat#'# 1),jídlo,('vychutnali'# 1)
1,('slušný#'# 1),jídlo,('velké'# 1)
1,('překvapeni#'# 1),jídlo,('vizuálně'# 1)
1,('útulný.výborné'# 1),jídlo,('vzhledem'# 1)
1,('olivy'# 1),jídlo,('rozdělené'# 1)
1,('!?)hlavní'# 1),jídlo,('úžasný#'# 1)
1,('samotné'# 1),jídlo,('super#'# 1)
1,('rychlí.'# 1),jídlo,('opět'# 1)
1,('zkazilo'# 1),jídlo,('stydět'# 1)
1,('salátem.'# 1),jídlo,('zajímavé'# 1)
1,('akorát'# 1),jídlo,('určite'# 1)
1,('doplnil'# 1),jídlo,('úžasné#'# 1)
1,('jogurtem.'# 1),jídlo,('nestálo'# 1)
1,('čistá.'# 1),jídlo,('dělaj'# 1)
1,('stručně:-'# 1),jídlo,('mohu'# 1)
1,('později).'# 1),jídlo,('pěkně'# 1)
1,('chřest'# 1),jídlo,('kolegové'# 1)
1,('nemáme'# 1),jídlo,('(zajímavě'# 1)
1,('pozorná#'# 1),jídlo,('klasický'# 1)
1,('baby'# 1),jídlo,('kuře'# 1)
1,('spolehnout#'# 1),jídlo,('ryby'# 1)
1,('stížnosti'# 1),jídlo,('dobře'# 1)
1,('(ostatní'# 1),jídlo,('(asi'# 1)
1,('slanějšíhlavní'# 1),jídlo,('spíše'# 1)
1,('rychlá'# 1),jídlo,('tvarohovými'# 1)
-1,('jídlo'# 7),obsluha,('pomalá'# 3)
-1,('bohužel'# 4),obsluha,('naprosto'# 2)
-1,('naprosto'# 4),obsluha,('hrozná#'# 2)
-1,('vůbec'# 3),obsluha,('tvrdila#'# 1)
-1,('navíc'# 2),obsluha,('značně'# 1)
-1,('průměrné'# 2),obsluha,('neochotná'# 1)
-1,('dobrá#'# 2),obsluha,('zaslechla#jelikož'# 1)
-1,('restaurace#'# 2),obsluha,('arogantní#'# 1)
-1,('člověka'# 2),obsluha,('neprošla'# 1)
-1,('dost'# 2),obsluha,('neschopna#'# 1)
-1,('arogantný#'# 1),obsluha,('otřesná'# 1)
-1,('hrozná#'# 1),obsluha,('evidentně'# 1)
-1,('silné'# 1),obsluha,('porad'# 1)
-1,('mola.'# 1),obsluha,('ktera'# 1)
-1,('nechutné.'# 1),obsluha,('vypadala'# 1)
-1,('minut#'# 1),obsluha,('obtěžuje'# 1)
-1,('jelikož'# 1),obsluha,('nezachrání'# 1)
-1,('špinavé'# 1),obsluha,('arogantný#'# 1)
-1,('sklenici#'# 1),obsluha,('pomalááááááááá#'# 1)
-1,('restaurace#což'# 1),obsluha,('bohužel'# 1)
-1,('nejspíše'# 1),obsluha,('špatná#'# 1)
-1,('sníst'# 1),obsluha,('protivná#'# 1)
-1,('nevolala'# 1),obsluha,('fyzicky'# 1)
-1,('snědl'# 1),obsluha,('naše'# 1)
-1,('zlepseni'# 1),obsluha,('všímavá#'# 1)
-1,('obsluhy!'# 1),obsluha,('dokáže'# 1)
-1,('fajn#'# 1),obsluha,('vesele'# 1)
-1,('špatné#'# 1),obsluha,('splete'# 1)
-1,('druhé'# 1),obsluha,('místo'# 1)
-1,('desertem)...'# 1),obsluha,('hrozná#již'# 1)
-1,('minut...'# 1),obsluha,('lehce'# 1)
-1,('standardní'# 1),obsluha,('ignorovala'# 1)
-1,('televizorů.'# 1),obsluha,('neprofesionální#hodící'# 1)
-1,('kuchař#ale'# 1),obsluha,('začne'# 1)
-1,('hranici'# 1),obsluha,('mírně'# 1)
-1,('pivo.'# 1),obsluha,('donesla'# 1)
-1,('muže'# 1),obsluha,('amaterska'# 1)
-1,('úžasná'# 1),obsluha,('(zapomněla'# 1)
-1,('atmosféra'# 1),obsluha,('nepříjemná#'# 1)
-1,('penize'# 1),obsluha,('příjemná#'# 1)
-1,('ponurá'# 1),obsluha,('neochotná#'# 1)
-1,('místnost#'# 1),obsluha,('chvílemi'# 1)
-1,('originálního.'# 1),obsluha,('zmatená'# 1)
-1,('květinou.-'# 1),obsluha,('nevymenila'# 1)
-1,('žádná'# 1),obsluha,('nepříjemná'# 1)
-1,('zbytek'# 1),obsluha,('voni'# 1)
-1,('jedno'# 1),obsluha,('neskutečná'# 1)
-1,('konzistence'# 1),obsluha,('otresna#'# 1)
-1,('vody:('# 1),obsluha,('vysvětlí#'# 1)
-1,('prostředí'# 1),obsluha,('pomala#'# 1)
-1,('velmi'# 1),obsluha,('zeptala#'# 1)
-1,('pozorna'# 1),obsluha,('katastrofálný!!!!'# 1)
-1,('tohle'# 1),obsluha,('prijemna'# 1)
-1,('hodně'# 1),obsluha,('čepuje'# 1)
1,('příjemná'# 29),obsluha,('velmi'# 39)
1,('velmi'# 24),obsluha,('příjemná#'# 37)
1,('prostředí'# 21),obsluha,('příjemná'# 30)
1,('jídlo'# 18),obsluha,('milá#'# 24)
1,('dobré#'# 11),obsluha,('rychlá'# 17)
1,('příjemné#'# 10),obsluha,('milá'# 14)
1,('milá'# 9),obsluha,('velice'# 13)
1,('vynikající.'# 9),obsluha,('pozorná#'# 11)
1,('jídlo#'# 9),obsluha,('naprosto'# 9)
1,('prostředí#'# 8),obsluha,('rychlá#'# 7)
1,('velice'# 8),obsluha,('dobrá#'# 6)
1,('vynikající'# 7),obsluha,('pozorná'# 5)
1,('navíc'# 7),obsluha,('ochotná'# 5)
1,('výborné#'# 7),obsluha,('profesionální'# 4)
1,('skvělá'# 7),obsluha,('profesionální#'# 4)
1,('příjemná#'# 7),obsluha,('perfektní#'# 4)
1,('příjemné'# 6),obsluha,('trochu'# 4)
1,('bohužel'# 6),obsluha,('ochotná#'# 3)
1,('profesionální'# 6),obsluha,('téměř'# 3)
1,('dobré'# 6),obsluha,('trošku'# 3)
1,('dobře'# 6),obsluha,('pohotově'# 3)
1,('atmosféra'# 6),obsluha,('přinesla'# 3)
1,('výborné'# 6),obsluha,('vždy'# 3)
1,('restaurace'# 6),obsluha,('skvělá#'# 3)
1,('trochu'# 6),obsluha,('skvělá'# 3)
1,('ochotná'# 5),obsluha,('vcelku'# 3)
1,('naprosto'# 5),obsluha,('fajn#'# 3)
1,('dobré.'# 4),obsluha,('snaživá#'# 3)
1,('výborné.'# 4),obsluha,('stíhala'# 2)
1,('chutné#'# 4),obsluha,('nápomocná'# 2)
1,('usměvavá'# 4),obsluha,('kmitala#'# 2)
1,('interiér#'# 4),obsluha,('ochotně'# 2)
1,('vynikající#'# 4),obsluha,('ještě'# 2)
1,('jidlo'# 4),obsluha,('dobrá'# 2)
1,('průměr#'# 4),obsluha,('svižná#'# 2)
1,('výborná#'# 3),obsluha,('nevtíravá#'# 2)
1,('super#'# 3),obsluha,('výborná#'# 2)
1,('rychlá'# 3),obsluha,('doporučila'# 2)
1,('pánská'# 3),obsluha,('slušná#'# 2)
1,('hodně'# 3),obsluha,('prijemna'# 2)
1,('nekuřácká.'# 3),obsluha,('působila'# 2)
1,('víno#'# 3),obsluha,('usměvavá'# 2)
1,('příjemně'# 3),obsluha,('taktéž'# 2)
1,('fajn.'# 3),obsluha,('prijemna#'# 2)
1,('nijak'# 3),obsluha,('zvládala'# 2)
1,('super'# 3),obsluha,('restaurace'# 2)
1,('brně.'# 3),obsluha,('kmitá#'# 1)
1,('chutné.'# 3),obsluha,('ujímá'# 1)
1,('dost'# 3),obsluha,('téžděkujitriniti'# 1)
1,('pivo'# 3),obsluha,('zapomněla'# 1)
1,('restaurace.'# 3),obsluha,('úžasná#'# 1)
1,('mile'# 3),obsluha,('standartní#'# 1)
1,('přijemná'# 3),obsluha,('zeptala#'# 1)
1,('žádné'# 3),obsluha,('příjhemná#'# 1)
1,('nikdy'# 3),obsluha,('pracuje'# 1)
1,('akorát'# 3),obsluha,('vyzvala'# 1)
1,('pití'# 3),obsluha,('vynikající#'# 1)
1,('pouze'# 3),obsluha,('uctivá'# 1)
1,('posezení#'# 3),obsluha,('neví'# 1)
1,('chutné'# 3),obsluha,('neustále'# 1)
1,('porce#'# 3),obsluha,('uvolněná#'# 1)
1,('fakt'# 3),obsluha,('vybídla'# 1)
1,('vždycky'# 3),obsluha,('vzhledem'# 1)
1,('chutnalo'# 3),obsluha,('takto'# 1)
1,('restaurant'# 2),obsluha,('stylově'# 1)
1,('ryze'# 2),obsluha,('jedna'# 1)
1,('mužská'# 2),obsluha,('kdyby'# 1)
1,('standartní#'# 2),obsluha,('přidala'# 1)
1,('ovšem'# 2),obsluha,('bezproblémová#pěkný'# 1)
1,('příjemné.'# 2),obsluha,('nestíhala'# 1)
1,('svého'# 2),obsluha,('zvládá'# 1)
1,('plně'# 2),obsluha,('příjemnými'# 1)
1,('potom'# 2),obsluha,('mluvila'# 1)
1,('nové'# 2),obsluha,('věnuje'# 1)
1,('naše'# 2),obsluha,('mile'# 1)
1,('celkový'# 2),obsluha,('znalá'# 1)
1,('káva'# 2),obsluha,('standardně'# 1)
1,('servis#'# 2),obsluha,('nevzpamatuje#'# 1)
1,('pořádku#'# 2),obsluha,('chovala'# 1)
1,('dětský'# 2),obsluha,('sympatická#'# 1)
1,('dobrá#'# 2),obsluha,('(stanley)'# 1)
1,('sebe.'# 2),obsluha,('musí'# 1)
1,('obsluha#'# 2),obsluha,('tentokrát'# 1)
1,('skvělý'# 2),obsluha,('příjemnábyl'# 1)
1,('free'# 2),obsluha,('trpělivě'# 1)
1,('nepřeplácané#'# 2),obsluha,('většinou'# 1)
1,('nabídka'# 2),obsluha,('sympatická'# 1)
1,('vynikajicí'# 2),obsluha,('vynikající(ujala'# 1)
1,('pěkná#'# 2),obsluha,('byla#'# 1)
1,('pěkné#'# 2),obsluha,('vstřícná#'# 1)
1,('lépe.'# 2),obsluha,('mnohdy'# 1)
1,('zaplněná#'# 2),obsluha,('nahoře'# 1)
1,('doporučit.'# 2),obsluha,('upovídaná'# 1)
1,('kvalitní'# 2),obsluha,('donese'# 1)
1,('chutnalo#'# 2),obsluha,('stíhá'# 1)
1,('útulné#'# 2),obsluha,('dokázala'# 1)
1,('problém#'# 2),obsluha,('zjevně'# 1)
1,('úrovni#'# 2),obsluha,('donesla'# 1)
1,('starobrno#'# 2),obsluha,('převzala'# 1)
1,('atmosféru'# 2),obsluha,('stánku'# 1)
1,('bezchybná'# 2),obsluha,('perfektně'# 1)
1,('limonáda'# 2),obsluha,('mladá#'# 1)
1,('skvěle#'# 2),obsluha,('příjemnější#'# 1)
1,('stranu'# 2),obsluha,('černošská#'# 1)
1,('svižná'# 2),obsluha,('uhoněná#'# 1)
1,('normální.'# 2),obsluha,('veselá'# 1)
1,('vyborna#'# 2),obsluha,('profesionalni#'# 1)
1,('prostredi#'# 2),obsluha,('(ong?)'# 1)
1,('přesto'# 2),obsluha,('ovšem'# 1)
1,('slušné'# 2),obsluha,('bystrá'# 1)
1,('chvíli'# 2),obsluha,('věkem'# 1)
1,('přišla'# 2),obsluha,('nezeptala#'# 1)
1,('skvěle'# 2),obsluha,('(příjemná#'# 1)
1,('návštěvy'# 2),obsluha,('(pan'# 1)
1,('ideální'# 2),obsluha,('mluví'# 1)
1,('schopná'# 2),obsluha,('vánoční'# 1)
1,('kuchyně'# 2),obsluha,('klasicky'# 1)
1,('starobrno'# 2),obsluha,('středeční'# 1)
1,('závěr'# 2),obsluha,('perfektni#'# 1)
1,('protivná'# 2),obsluha,('průměrná#záleží'# 1)
1,('skvělé.'# 2),obsluha,('mysli'# 1)
1,('restauraci#'# 2),obsluha,('povětšinou'# 1)
1,('restauraci.'# 2),obsluha,('(vrchní'# 1)
1,('vážně'# 2),obsluha,('pustí'# 1)
1,('standartní'# 2),obsluha,('?velmi'# 1)
1,('pozdní'# 2),obsluha,('bere'# 1)
1,('pohodě.'# 2),obsluha,('dojem'# 1)
1,('snad'# 2),obsluha,('dnes'# 1)
1,('restaurace#'# 2),obsluha,('bohužel'# 1)
1,('všechno'# 2),obsluha,('snaživá'# 1)
1,('poslední'# 2),obsluha,('velimi'# 1)
1,('nápoje'# 2),obsluha,('profi#'# 1)
1,('taky#'# 2),obsluha,('neskončila'# 1)
1,('víno'# 2),obsluha,('přesná#'# 1)
1,('profesionální#'# 1),obsluha,('decentní'# 1)
1,('pozorná#'# 1),obsluha,('všímavá'# 1)
1,('nabízí'# 1),obsluha,('akční#'# 1)
1,('normální#'# 1),obsluha,('obstojná'# 1)
1,('moderní'# 1),obsluha,('zdvořilá#'# 1)
1,('patro'# 1),obsluha,('(dva'# 1)
1,('rybářské'# 1),obsluha,('(aspoň'# 1)
1,('nepůsobí'# 1),obsluha,('tradičně'# 1)
1,('vhodnější'# 1),obsluha,('vzorná'# 1)
1,('variabilitou'# 1),obsluha,('přijmná#'# 1)
1,('nekoná.'# 1),obsluha,('pohotová#'# 1)
1,('první'# 1),obsluha,('(stále'# 1)
1,('celém'# 1),obsluha,('ničím'# 1)
1,('vody'# 1),obsluha,('profesionálníostatní:'# 1)
1,('stůl'# 1),obsluha,('nabízí'# 1)
1,('zdrojů'# 1),obsluha,('přišla'# 1)
1,('plzen'# 1),obsluha,('profi'# 1)
1,('přinesení'# 1),obsluha,('bleskově'# 1)
1,('všeho'# 1),obsluha,('správně'# 1)
1,('dobrého:'# 1),obsluha,('zpočátku'# 1)
1,('potřeba#'# 1),obsluha,('obsluhující'# 1)
1,('prázdný'# 1),obsluha,('dala'# 1)
1,('mírně'# 1),obsluha,('informovala'# 1)
1,('nádherné#'# 1),obsluha,('výborná'# 1)
1,('kategorie'# 1),obsluha,('průměrná#'# 1)
1,('okna.'# 1),obsluha,('fantastická#'# 1)
1,('zvyknout.'# 1),obsluha,('rychlá#pivo'# 1)
1,('svých'# 1),obsluha,('chce'# 1)
1,('vybavena'# 1),obsluha,('výjimečně'# 1)
1,('portské'# 1),obsluha,('příjemně'# 1)
1,('zeleniny#'# 1),obsluha,('dotazem'# 1)
1,('oldies'# 1),obsluha,('plně'# 1)
1,('makrela.'# 1),obsluha,('mimořádně'# 1)
1,('design'# 1),obsluha,('valice'# 1)
1,('upravený#'# 1),obsluha,('osobně'# 1)
1,('výhradně'# 1),obsluha,('vynikajici#'# 1)
1,('výtvarná'# 1),obsluha,('připomínala'# 1)
1,('stěn.'# 1),obsluha,('prvotřídní:'# 1)
1,('podávala'# 1),obsluha,('ujala'# 1)
1,('italské.'# 1),obsluha,(':o)))'# 1)
1,('obsáhlého'# 1),obsluha,('(lehce'# 1)
1,('rodinnou'# 1),obsluha,('snaziva'# 1)
1,('nezapomněla#'# 1),obsluha,('nakonec'# 1)
1,('onde.'# 1),obsluha,('vzorná#'# 1)
1,('dona'# 1),obsluha,('normální#'# 1)
1,('přijatelnou'# 1),obsluha,('jakoby'# 1)
1,('zrovna'# 1),obsluha,('mne#'# 1)
1,('skrytého'# 1),obsluha,('mohla'# 1)
1,('nový'# 1),obsluha,('neřekne'# 1)
1,('rychlý'# 1),obsluha,('nechá'# 1)
1,('kompletně'# 1),obsluha,('vstřícná'# 1)
1,('výzdobu'# 1),obsluha,('nedonese'# 1)
1,('přijatelných'# 1),obsluha,('pozorna'# 1)
1,('opěradlech.'# 1),obsluha,('nezeptala'# 1)
1,(':-)'# 1),obsluha,('ptala'# 1)
1,('poctivá.'# 1),obsluha,('přesně'# 1)
1,('kuchyni.'# 1),obsluha,('vynikající'# 1)
1,('minule.'# 1),obsluha,('nezabodovala#'# 1)
1,('přívětivě'# 1),obsluha,('bylaâ´jako'# 1)
1,('anglicky'# 1),obsluha,('privetiva'# 1)
1,('lososa.'# 1),obsluha,('žádnej'# 1)
1,('odstrašujícím'# 1),obsluha,('super#'# 1)
1,('vinná'# 1),obsluha,('kvalitne'# 1)
1,('stropních'# 1),obsluha,('vsimava#'# 1)
1,('druhého'# 1),obsluha,('usmevava#'# 1)
1,('uvítala'# 1),obsluha,('autentická'# 1)
1,('nadšená!!'# 1),obsluha,('vyborna#'# 1)
1,('přičemž'# 1),obsluha,('dokonalá'# 1)
1,('odpoledne#'# 1),obsluha,('nedá'# 1)
1,('!!!!atmosféra'# 1),obsluha,('zmatená'# 1)
1,('báječná#'# 1),obsluha,('zvládla'# 1)
1,('letní'# 1),obsluha,('dřív#'# 1)
1,('italských'# 1),obsluha,('poradí'# 1)
1,('moderní#'# 1),obsluha,('ráda'# 1)
1,('doporučila'# 1),obsluha,('přiměřená#'# 1)
1,('kterému'# 1),obsluha,('upřímně'# 1)
1,('omáčkou'# 1),obsluha,('otevřela'# 1)
1,('citronovým'# 1),obsluha,('také#'# 1)
1,('komorního'# 1),obsluha,('pohotová'# 1)
1,('skutečně'# 1),obsluha,('spletla'# 1)
1,('mých'# 1),obsluha,('(přestože'# 1)
1,('obsahu#'# 1),obsluha,('pravda'# 1)
1,('pěkně#'# 1),obsluha,('dolévala'# 1)
1,('kontinuálně'# 1),obsluha,('fajn'# 1)
1,('perfektní'# 1),obsluha,('přátelská'# 1)
1,('servírovaní'# 1),obsluha,('nevtíravá'# 1)
1,('polévky#'# 1),obsluha,('opět'# 1)
1,('vstřícná'# 1),obsluha,('rychla#'# 1)
1,('okénka#'# 1),obsluha,('pořád'# 1)
1,('trámoví#'# 1),obsluha,('rychla'# 1)
1,('resta'# 1),obsluha,('spojená'# 1)
1,('rezervace.'# 1),obsluha,('(objednávka'# 1)
1,('vracet.výborná'# 1),obsluha,('vytvářela'# 1)
1,('květů'# 1),obsluha,('stále'# 1)
1,('harmonickým'# 1),obsluha,('odnesla'# 1)
1,('vidět.'# 1),obsluha,('zlepšila'# 1)
1,('krásná'# 1),obsluha,('pozor!'# 1)
1,('sklenice!'# 1),obsluha,('vzbuzující'# 1)
-1,('stylové'# 2),restaurace,('naplnila'# 1)
-1,('otevřená'# 2),restaurace,('dělá'# 1)
-1,('návštěva'# 2),restaurace,('zavolala'# 1)
-1,('celé'# 2),restaurace,('využívaná'# 1)
-1,('jídlo'# 1),restaurace,('propadák#'# 1)
-1,('obsluha'# 1),restaurace,('rubín#'# 1)
-1,('celkový'# 1),restaurace,('vzbuzuje'# 1)
-1,('dojem'# 1),restaurace,('baroko'# 1)
-1,('rozhodně'# 1),restaurace,('zjevně'# 1)
-1,('nedoporučuji!tato'# 1),restaurace,('profilujici'# 1)
-1,('navstevou'# 1),restaurace,('chodí'# 1)
-1,('myslíte'# 1),restaurace,('zela'# 1)
-1,('zahrádce'# 1),restaurace,('kvůli'# 1)
-1,('!tady'# 1),restaurace,('takto'# 1)
-1,('pondělí'# 1),restaurace,('začne'# 1)
-1,('italské'# 1),restaurace,('popřemýšlí#'# 1)
-1,('strany'# 1),restaurace,('utratit'# 1)
-1,('směřovaly'# 1),restaurace,('e-mail#'# 1)
-1,('navstevy'# 1),restaurace,('chování'# 1)
-1,('palec'# 1),restaurace,('bývala'# 1)
-1,('kategorie'# 1),restaurace,('učinilo'# 1)
-1,('nikdy'# 1),restaurace,('zavírá#'# 1)
-1,('vice!bohuzel'# 1),restaurace,('zajdeme'# 1)
-1,('den#'# 1),restaurace,('poloprázdná#'# 1)
-1,('plnejsim'# 1),restaurace,('vyhlášená'# 1)
-1,('obsazeni'# 1),restaurace,('zaplněná'# 1)
-1,('kuchare?do'# 1),restaurace,('kaskáda'# 1)
-1,('pec?!do'# 1),restaurace,('televizními'# 1)
-1,('přišli#'# 1),restaurace,('zcela'# 1)
-1,('nevím'# 1),restaurace,('nepovede!'# 1)
-1,('vedení'# 1),restaurace,('obsazena'# 1)
-1,('zašli'# 1),restaurace,('stala'# 1)
-1,('nevím#'# 1),restaurace,('nijak'# 1)
-1,('nedoporučuji.'# 1),restaurace,('neni'# 1)
-1,('příchod'# 1),restaurace,('nova#'# 1)
1,('prostředí'# 16),restaurace,('chodím'# 16)
1,('interiér'# 14),restaurace,('chodíme'# 7)
1,('návštěva'# 10),restaurace,('plná#'# 6)
1,('dojem'# 9),restaurace,('velmi'# 5)
1,('celá'# 9),restaurace,('velice'# 4)
1,('části'# 7),restaurace,('působí'# 3)
1,('obsluha'# 6),restaurace,('zřejmě'# 3)
1,('dobrá'# 6),restaurace,('nabízí'# 3)
1,('vstupu'# 6),restaurace,('nemá'# 3)
1,('návštěvu'# 6),restaurace,('mírně'# 2)
1,('skvělá'# 6),restaurace,('chodim'# 2)
1,('hodnocení'# 5),restaurace,('snad'# 2)
1,('první'# 5),restaurace,('opět'# 2)
1,('atmosféra'# 5),restaurace,('zcela'# 2)
1,('otevřená'# 5),restaurace,('baroko'# 2)
1,('velmi'# 5),restaurace,('hodnotím'# 2)
1,('příjemná'# 5),restaurace,('leonessa'# 2)
1,('dobré'# 4),restaurace,('sunset'# 2)
1,('rádi'# 4),restaurace,('goa#'# 2)
1,('část'# 4),restaurace,('nekuřácká#'# 2)
1,('výborná'# 4),restaurace,('havana'# 2)
1,('vstup'# 4),restaurace,('patří'# 2)
1,('naprosto'# 4),restaurace,('obsluha'# 2)
1,('výletní'# 4),restaurace,('skoro'# 2)
1,('nová'# 4),restaurace,('porta'# 2)
1,('jediná'# 4),restaurace,('mohu'# 2)
1,('typu'# 4),restaurace,('ničím'# 2)
1,('jídlo'# 3),restaurace,('vhodnou'# 1)
1,('koncept'# 3),restaurace,('pozitivní'# 1)
1,('přestože'# 3),restaurace,('chodit'# 1)
1,('příchodu'# 3),restaurace,('pojmenovaná'# 1)
1,('návštěvy'# 3),restaurace,('hotelu'# 1)
1,('personál'# 3),restaurace,('pravidelně'# 1)
1,('návštěvě'# 3),restaurace,('bavorská'# 1)
1,('pěkná'# 3),restaurace,('zase'# 1)
1,('takové'# 3),restaurace,('příjemné#'# 1)
1,('zajímavá'# 3),restaurace,('těsně'# 1)
1,('atmosféru'# 3),restaurace,('zašli'# 1)
1,('příjemné'# 3),restaurace,('portum'# 1)
1,('hlavní'# 3),restaurace,('espaňola'# 1)
1,('indické'# 3),restaurace,('funguje'# 1)
1,('nejlepší'# 3),restaurace,('nekonečno'# 1)
1,('řecká'# 3),restaurace,('pojede'# 1)
1,('velice'# 3),restaurace,('chodívával'# 1)
1,('lepší'# 3),restaurace,('pellegrini'# 1)
1,('charakter'# 2),restaurace,('návštěva'# 1)
1,('dobré#'# 2),restaurace,('něčím'# 1)
1,('patří'# 2),restaurace,('určitě'# 1)
1,('dobré.'# 2),restaurace,('prázdná#'# 1)
1,('hotelová'# 2),restaurace,('jakoby'# 1)
1,('navíc'# 2),restaurace,('honosí'# 1)
1,('původní'# 2),restaurace,('paladeo'# 1)
1,('rád#'# 2),restaurace,('víceméně'# 1)
1,('výzdoba'# 2),restaurace,('stejného'# 1)
1,('fakt#'# 2),restaurace,('central'# 1)
1,('parkování'# 2),restaurace,('těží'# 1)
1,('uvnitř'# 2),restaurace,('zaměřený'# 1)
1,('kvůli'# 2),restaurace,('dojem#'# 1)
1,('italská'# 2),restaurace,('očekává'# 1)
1,('večer'# 2),restaurace,('potřebovala'# 1)
1,('vlastní'# 2),restaurace,('působil'# 1)
1,('líbí'# 2),restaurace,('tulip'# 1)
1,('žádná'# 2),restaurace,('nepatří'# 1)
1,('celé'# 2),restaurace,('každý'# 1)
1,('personálu'# 2),restaurace,('valoria'# 1)
1,('další'# 2),restaurace,('úplně'# 1)
1,('krásná'# 2),restaurace,('klimatizována#'# 1)
1,('zavítám'# 2),restaurace,('trochu'# 1)
1,('nekuřácké'# 2),restaurace,('zavítala'# 1)
1,('oblíbené'# 2),restaurace,('vydržela'# 1)
1,('versus'# 2),restaurace,('neodcházela'# 1)
1,('plné'# 2),restaurace,('kaskáda'# 1)
1,('horní'# 2),restaurace,('pomohl'# 1)
1,('stylová'# 2),restaurace,('nebyl'# 1)
1,('perfektní#'# 2),restaurace,('průměrně'# 1)
1,('pohled'# 2),restaurace,('typu'# 1)
1,('indická'# 2),restaurace,('zítra'# 1)
1,('jelikož'# 2),restaurace,('rozhodně'# 1)
1,('pořádná'# 2),restaurace,('dokáže'# 1)
1,('vypadající'# 2),restaurace,('svýhledem'# 1)
1,('typ'# 2),restaurace,('ukrytá'# 1)
1,('recenze'# 2),restaurace,('spíš'# 1)
1,('super'# 2),restaurace,('betlém'# 1)
1,('moderní'# 2),restaurace,('(včetně'# 1)
1,('určitě'# 2),restaurace,('svoje'# 1)
1,('solidní'# 2),restaurace,('stojí'# 1)
1,('nové'# 2),restaurace,('bývá'# 1)
1,('doporučit.'# 2),restaurace,('nechodíme'# 1)
1,('výběru'# 2),restaurace,('green'# 1)
1,('návštěvou'# 2),restaurace,('držet#'# 1)
1,('čínské'# 2),restaurace,('vracet'# 1)
1,('řešená'# 2),restaurace,('natříská'# 1)
1,('vybavení'# 2),restaurace,('uvnitř'# 1)
1,('interiéru'# 2),restaurace,('kaple'# 1)
1,('starali.návštěvou'# 1),restaurace,('zajímavá'# 1)
1,('návštěv'# 1),restaurace,('obsazené'# 1)
1,('přijdem'# 1),restaurace,('nadprůměrné#jde'# 1)
1,('skvělé'# 1),restaurace,('zaplní'# 1)
1,('celý'# 1),restaurace,('leporelo'# 1)
1,('cela'# 1),restaurace,('moname'# 1)
1,('pozitivní'# 1),restaurace,('plným'# 1)
1,('chodit'# 1),restaurace,('napovídá)#'# 1)
1,('vrátíme.'# 1),restaurace,('okamžitě'# 1)
1,('mangový'# 1),restaurace,('koishi'# 1)
1,('josef'# 1),restaurace,('mohla'# 1)
1,('dětmi.'# 1),restaurace,('zlepšila#'# 1)
1,('bodové'# 1),restaurace,('kuřácká#'# 1)
1,('kterými'# 1),restaurace,('jsou#'# 1)
1,('standartní#'# 1),restaurace,('normálně'# 1)
1,('uzavření'# 1),restaurace,('špatně'# 1)
1,('být.'# 1),restaurace,('pěkné#'# 1)
1,('nevyjde#'# 1),restaurace,('účtuje'# 1)
1,('vietnamské'# 1),restaurace,('plná'# 1)
1,('rádoby'# 1),restaurace,('kde#'# 1)
1,('italské'# 1),restaurace,('měkkou'# 1)
1,('medium'# 1),restaurace,('rád#'# 1)
1,('prázdná#'# 1),restaurace,('považuji'# 1)
1,('nadarmo'# 1),restaurace,('další'# 1)
1,('doporučuji.bývalá'# 1),restaurace,('(20minut'# 1)
1,('vietnamská'# 1),restaurace,('chodime'# 1)
1,('ovšem'# 1),restaurace,('přišel'# 1)
1,('roce'# 1),restaurace,('obohatila'# 1)
1,('chuťově'# 1),restaurace,('vešel'# 1)
1,('skvělé.steaková'# 1),restaurace,('podkreslují'# 1)
1,('výrazně'# 1),restaurace,('poloprázdná'# 1)
1,('obstojná.španělská'# 1),restaurace,('(11:15)'# 1)
1,('mnohé'# 1),restaurace,('přitáhne'# 1)
1,('poledne'# 1),restaurace,('pizzaland#jsem'# 1)
1,('klikatých'# 1),restaurace,('divá'# 1)
1,('večer!do'# 1),restaurace,('dlouho'# 1)
1,('třetí'# 1),restaurace,('doslova'# 1)
1,('polystyrenové'# 1),restaurace,('čas#'# 1)
1,('večeři#tak'# 1),restaurace,('nejlepší'# 1)
1,('době#kdy'# 1),restaurace,('docházíme'# 1)
1,('ochladí'# 1),restaurace,('výtopna'# 1)
1,('využila'# 1),restaurace,('naprosto'# 1)
1,('prostřední'# 1),restaurace,('získává'# 1)
1,('hodnotím'# 1),restaurace,('dětskou'# 1)
1,('vrátímedo'# 1),restaurace,('trošku'# 1)
1,('ochotná.'# 1),restaurace,('příjemná'# 1)
1,('lokaci'# 1),restaurace,('neupouští'# 1)
1,('nečekaná)'# 1),restaurace,('znovu'# 1)
1,('zaplněnost'# 1),restaurace,('protě'# 1)
1,('narozeniny.pravda#'# 1),restaurace,('kvalit'# 1)
1,('profesionální.'# 1),restaurace,('poloprázdná#'# 1)
1,('člověk'# 1),restaurace,('gurmánským'# 1)
1,('vejde#'# 1),restaurace,('klidná#čistá#obsluha'# 1)
1,('odpoledni'# 1),restaurace,('vyšší'# 1)
1,('zajímavý'# 1),restaurace,('pozval#'# 1)
1,('název'# 1),restaurace,('vypadal'# 1)
1,('hospody'# 1),restaurace,('dobrou'# 1)
1,('naposledy).'# 1),restaurace,('satyam'# 1)
1,('západ'# 1),restaurace,('zjistila#'# 1)
1,('nekuřáky.'# 1),restaurace,('nebude'# 1)
1,('povětšinou'# 1),restaurace,('pochopitelné:-)příjemná'# 1)
1,('plná'# 1),restaurace,('stane'# 1)
1,('zážitek'# 1),restaurace,('polo-prázdná#'# 1)
1,('velký'# 1),restaurace,('existuji:-)'# 1)
1,('španělská'# 1),restaurace,('otáleli#'# 1)
1,('páteční'# 1),restaurace,('svědčí'# 1)
1,('prostory'# 1),restaurace,('nehodí#'# 1)
1,('netřeba'# 1),restaurace,('teprve'# 1)
1,('ahoj!'# 1),restaurace,('jídelní'# 1)
1,('paráda!poloha'# 1),restaurace,('zavítali'# 1)
1,('povděkem#'# 1),restaurace,('oblibena'# 1)
1,('příjemné#'# 1),restaurace,('hodil'# 1)
1,('voda#'# 1),restaurace,('prodělala'# 1)
1,('dokonalá#'# 1),restaurace,('boulevard#'# 1)
1,('přede'# 1),restaurace,('čekal#'# 1)
1,('mnou#'# 1),restaurace,('probíhala'# 1)
1,('španělské'# 1),restaurace,('snaží'# 1)
1,('není.'# 1),restaurace,('nenechte'# 1)
1,('skutečnost#'# 1),restaurace,('bývala'# 1)
1,('navštívení'# 1),restaurace,('svatební'# 1)
1,('udělala'# 1),restaurace,('hodně'# 1)
1,('velkými'# 1),restaurace,('leží'# 1)
1,('klady'# 1),restaurace,('postupně'# 1)
1,('množství'# 1),restaurace,('najímá'# 1)
1,('návštěv)interiér'# 1),restaurace,('stejně'# 1)
1,('výhrad'# 1),restaurace,('téměř'# 1)
1,('úroveň'# 1),restaurace,('musím'# 1)
1,('prostor'# 1),restaurace,('dobré'# 1)
1,('vedeni'# 1),restaurace,('skvělá#obsluha'# 1)
1,('většina'# 1),restaurace,('zamilovaly!!doporučujeme'# 1)
1,('těší#'# 1),restaurace,('rozporuplné'# 1)
1,('vskutku'# 1),restaurace,('malinko'# 1)
1,('ustálila#'# 1),restaurace,('chodívám'# 1)
1,('včerejší'# 1),restaurace,('poblíž'# 1)
1,('navštěva'# 1),restaurace,('nezabívá'# 1)
1,('nicmoc#'# 1),restaurace,('urcite'# 1)
1,('znát#'# 1),restaurace,('(kdysi'# 1)
1,('shrnula:'# 1),restaurace,('zastrčená#'# 1)
1,('milá'# 1),restaurace,('dobré#'# 1)
1,('obsluha#'# 1),restaurace,('dominuje'# 1)
1,('ruské'# 1),restaurace,('vévodí'# 1)
1,('dál....tato'# 1),restaurace,('obyčejný'# 1)
1,('každá'# 1),restaurace,('ovlivněni'# 1)
1,('nabídka'# 1),restaurace,('versus'# 1)
1,('jsem#'# 1),restaurace,('doposud'# 1)
1,('5/5!tato'# 1),restaurace,('hledala'# 1)
1,('týdne'# 1),restaurace,('chodil'# 1)
